1.209600e+01,1.226000e+00,1.280300e+01,-7.554655e-02
2.524900e+01,1.306150e+01,1.238700e+01,2.559569e+00
6.840000e-01,5.994500e+00,4.782000e+00,1.589693e+00
1.298750e+01,5.049500e+00,6.137500e+00,4.687753e+00
1.471500e+00,1.062900e+01,-3.313000e+00,-5.895771e+00
2.450000e-01,4.035000e-01,2.775000e+00,1.017349e-01
1.298500e+00,1.793200e+01,4.329500e+00,5.545312e+00
-3.815000e-01,1.741700e+01,-4.440000e-01,4.648640e-01
1.322450e+01,1.088150e+01,-8.945000e-01,-1.027383e+01
2.128750e+01,1.343600e+01,4.459500e+00,3.039687e+00
1.903250e+01,1.908500e+01,7.811500e+00,7.303995e+00
7.512500e+00,3.306000e+00,1.709850e+01,1.950028e+00
5.315000e-01,1.627150e+01,2.872000e+00,7.895651e-01
2.119000e+00,1.459050e+01,-2.670500e+00,2.744432e+00
1.340450e+01,1.557750e+01,1.791900e+01,-1.574422e+01
1.333500e+01,4.754500e+00,9.173500e+00,4.534560e+00
1.157900e+01,1.700000e+01,1.556500e+00,6.831158e-01
1.696600e+01,4.821500e+00,1.347150e+01,-9.077584e+00
1.520950e+01,4.519500e+00,1.230000e+01,-4.280643e+00
1.077950e+01,1.662500e+00,3.071500e+00,-1.279705e+00
-2.461000e+00,7.352000e+00,6.986000e+00,-3.856607e+00
-1.620000e-01,1.160800e+01,9.443000e+00,-8.806922e+00
1.429700e+01,8.929000e+00,1.969600e+01,-9.925797e+00
2.248500e+00,4.921000e+00,4.082500e+00,-8.284307e+00
1.273137e+01,1.816413e+01,4.341250e+00,1.736701e+00
2.453300e+01,1.234225e+01,9.839250e+00,-7.133683e+00
8.614500e+00,6.094000e+00,1.746400e+01,-5.733860e+00
1.233100e+01,6.393500e+00,1.641625e+01,-6.704411e+00
5.097750e+00,1.250200e+01,1.310125e+01,6.415939e-01
1.463400e+01,1.681275e+01,2.845250e+00,2.079435e+00
-2.262500e-01,1.411737e+01,-7.623750e-01,4.201036e-01
1.258050e+01,1.738950e+01,1.767000e+00,6.675404e-01
6.390000e-01,1.547025e+01,4.714000e+00,-5.742948e+00
9.648500e+00,1.793300e+01,3.475250e+00,7.299556e-01
5.801000e+00,-5.060000e-01,-4.521000e+00,-1.105852e-01
8.221500e+00,6.952500e-01,9.480250e+00,-7.024234e+00
9.842750e+00,1.210950e+01,-2.344500e+00,3.116406e+00
-1.663500e+00,6.045750e+00,6.047500e+00,3.093600e+00
5.969250e+00,9.834500e+00,-7.061000e+00,-4.539457e+00
9.090000e-01,9.472500e+00,1.535625e+00,-6.288412e+00
9.062500e-01,3.848250e+00,7.143250e+00,2.553970e+00
1.368925e+01,9.970500e+00,3.349500e+00,7.914251e-01
8.083000e+00,1.370000e+00,1.388000e+00,8.570737e-01
6.715000e+00,9.284500e+00,1.645950e+01,9.331923e-01
2.291675e+01,1.736175e+01,7.600000e+00,3.410204e+00
1.930000e+00,1.667300e+01,-1.857000e+00,1.468408e+00
1.733650e+01,8.697000e+00,1.438400e+01,-3.135797e+00
3.322750e+00,1.380875e+01,-5.590750e+00,3.365174e+00
3.644000e+00,1.592000e+00,-4.821000e+00,4.004254e-01
2.044600e+01,1.649900e+01,3.317000e+00,-5.659925e+00
2.322325e+01,1.713400e+01,5.487000e+00,1.474206e+00
1.320925e+01,-7.260000e-01,1.560200e+01,5.970832e-02
-2.554000e+00,9.940000e+00,7.301000e+00,-3.058327e+00
1.217200e+01,1.865400e+01,7.617500e+00,-8.333042e+00
1.602850e+01,1.224700e+01,2.888500e+00,1.803578e+01
1.260150e+01,-1.545250e+00,1.531025e+01,1.184039e-01
2.463900e+01,1.154150e+01,1.293850e+01,-4.157323e-01
1.147275e+01,1.752325e+01,2.594000e+00,8.674602e-01
4.112250e+00,-5.652500e-01,1.235000e+00,3.872070e-01
8.079250e+00,-6.645000e-01,8.295500e+00,-7.641503e+00
2.600600e+01,1.419400e+01,1.079700e+01,4.076817e+00
1.449175e+01,1.556875e+01,1.786825e+01,-1.358911e+01
8.624250e+00,1.123375e+01,-4.766500e+00,8.401746e+00
2.385200e+01,1.491200e+01,7.860000e+00,8.718132e+00
5.722500e-01,1.513725e+01,5.945750e+00,-1.753154e+00
1.282775e+01,2.822250e+00,1.298125e+01,1.638986e+00
3.295500e+00,1.663500e+00,1.106650e+01,-1.181738e-01
1.193700e+01,3.249500e+00,5.299500e+00,3.601142e+00
6.947000e+00,-1.048500e+00,-2.648500e+00,1.168568e-01
-1.080750e+00,1.579675e+01,5.945000e-01,2.055321e-01
1.049500e+01,4.248000e+00,1.652000e+01,-4.161658e+00
1.489050e+01,8.242500e+00,1.192850e+01,-8.679854e+00
-9.655000e-01,1.213600e+01,4.833000e+00,1.012246e+00
1.545000e+00,3.261500e+00,6.592000e+00,-1.865466e+00
6.499500e+00,1.269300e+01,-4.441000e+00,1.321637e+00
3.368750e+00,1.341750e+00,1.595650e+01,1.287133e+00
2.986000e+00,3.760500e+00,-7.185500e+00,3.486913e-01
9.678000e+00,-1.527000e+00,1.186150e+01,4.898780e-01
2.207800e+01,1.399900e+01,4.829000e+00,1.477941e+00
2.142500e-01,1.062950e+01,9.890000e+00,-1.746570e+01
9.572000e+00,6.598000e+00,2.122500e+00,1.528416e+00
4.602750e+00,1.821300e+01,6.701750e+00,4.975493e-02
-7.825000e-01,1.675025e+01,1.600000e+00,2.941182e-01
1.067925e+01,-2.395750e+00,1.438775e+01,3.120290e-01
8.895000e-01,2.485500e+00,6.968000e+00,-9.995926e+00
8.343000e+00,1.616550e+01,9.499000e+00,-1.179200e+00
2.119850e+01,1.871250e+01,3.221500e+00,-7.051681e+00
2.230025e+01,1.828400e+01,7.303750e+00,2.193323e+00
1.286550e+01,1.796700e+01,2.565750e+00,9.111991e-01
1.122350e+01,2.660250e+00,3.321750e+00,2.184127e-01
4.812500e+00,5.786750e+00,1.388575e+01,4.657583e+00
1.167450e+01,1.547925e+01,2.036250e+01,-1.485675e+01
1.214500e+00,3.436500e+00,1.419275e+01,6.303764e-01
7.653500e+00,1.757500e-01,6.762500e+00,-4.773918e-01
2.164450e+01,1.054175e+01,9.657250e+00,-6.396480e+00
2.978500e+00,1.170500e+00,-4.151500e+00,2.729622e-01
1.435600e+01,5.099250e+00,1.034000e+01,-1.161002e+01
1.155825e+01,1.421575e+01,2.034925e+01,-1.454172e+01
5.205500e+00,1.132550e+01,1.368900e+01,-8.278549e-02
1.836900e+01,2.121375e+01,2.939750e+00,1.098957e+00
1.041350e+01,-1.716750e+00,1.615850e+01,4.866005e-01
1.130875e+01,-1.256750e+00,1.672500e+01,2.921977e-01
3.041500e+00,1.765825e+01,-2.382500e-01,1.966578e+00
1.496900e+01,5.333000e+00,1.135800e+01,-7.488265e+00
8.147500e+00,1.624575e+01,1.597975e+01,-6.479319e+00
1.930400e+01,1.010725e+01,1.106550e+01,2.643869e+00
3.376000e+00,1.325400e+01,1.197850e+01,-2.662238e-02
8.551750e+00,6.642500e-01,1.054350e+01,-5.809881e+00
1.850325e+01,1.108775e+01,4.365000e+00,2.424738e+00
1.958500e+01,1.659550e+01,1.007150e+01,1.509081e+00
-3.066000e+00,5.365750e+00,4.761750e+00,6.339399e+00
3.230500e+00,1.905300e+01,5.586500e+00,2.532776e-01
1.281125e+01,-9.142500e-01,1.446775e+01,1.023616e-01
6.613000e+00,5.480000e-01,1.485400e+01,4.207565e+00
9.692000e+00,6.185000e-01,1.606975e+01,2.248406e+00
9.123750e+00,7.850000e-01,3.391500e+00,5.623521e+00
5.714750e+00,-3.850000e-02,1.107125e+01,1.057846e+00
2.495700e+01,1.232825e+01,6.289000e+00,6.664509e-01
2.070850e+01,1.562225e+01,9.661250e+00,3.506666e+00
7.426500e+00,-1.605000e+00,8.849250e+00,3.112385e+00
2.428250e+01,1.259150e+01,4.832500e+00,6.514364e-01
1.817350e+01,9.117500e+00,1.817450e+01,-1.022397e+00
1.924950e+01,1.038125e+01,5.524500e+00,-4.589368e-03
8.653000e+00,1.430350e+01,1.642050e+01,-6.930972e+00
2.267350e+01,1.102750e+01,9.824500e+00,-7.179393e+00
7.744750e+00,1.608275e+01,1.450825e+01,1.202474e-01
5.601500e+00,1.776500e+01,3.249500e+00,6.269964e-01
-1.772250e+00,5.559250e+00,5.045250e+00,3.293678e+00
7.427500e+00,-6.735000e-01,-1.812500e+00,1.560215e-01
1.066900e+01,1.713950e+01,8.486000e+00,5.828823e+00
7.323500e+00,7.955250e+00,-4.141750e+00,1.620374e+00
3.993500e+00,7.345000e+00,-8.510750e+00,-1.053255e+01
1.250400e+01,2.932000e+00,7.856000e+00,3.933160e+00
6.731500e+00,5.150000e-02,-4.313500e+00,-8.404532e-02
1.813850e+01,2.004750e+01,8.476500e+00,3.398194e+00
1.121000e+01,1.696400e+01,1.234700e+01,-9.196000e-01
1.115650e+01,8.966250e+00,-4.308750e+00,2.996259e+00
1.273300e+01,3.622000e+00,9.530000e+00,-1.647656e+00
1.785475e+01,1.023000e+01,1.474800e+01,-4.526974e+00
1.983400e+01,1.545200e+01,1.257800e+01,-9.465764e+00
2.050600e+01,1.568300e+01,1.179700e+01,-9.827847e+00
7.499500e+00,4.067000e+00,-1.930000e-01,-1.817105e+00
9.948250e+00,-6.555000e-01,1.128400e+01,1.101276e-01
4.690500e+00,1.752800e+01,4.788750e+00,-2.218051e+00
8.582500e+00,1.800300e+01,2.467000e+00,1.326544e+00
5.388000e+00,1.522275e+01,-5.910250e+00,1.124301e+00
1.377200e+01,1.769350e+01,9.741000e+00,4.474283e-02
1.612800e+01,1.114050e+01,3.305500e+00,6.588703e+00
2.530200e+01,1.470975e+01,1.154550e+01,6.913921e+00
1.811700e+01,2.274300e+01,5.716000e+00,1.485369e+00
2.032200e+01,1.083625e+01,8.624000e+00,-7.881008e+00
6.867250e+00,1.032800e+01,1.648400e+01,5.765217e-01
1.806000e+00,1.153250e+01,-3.658500e+00,-6.827869e-01
3.776250e+00,-7.090000e-01,1.407175e+01,9.507514e-01
5.876000e+00,-1.128500e+00,1.024425e+01,7.447862e+00
-1.032750e+00,1.305950e+01,7.007750e+00,-3.468408e-01
2.384900e+01,1.091500e+01,1.298050e+01,-6.116826e-01
1.279750e+01,1.582400e+01,1.727500e+00,-7.511800e-01
1.625500e+00,5.624000e+00,4.711000e+00,4.308486e-01
7.026250e+00,6.214250e+00,-4.697000e+00,-7.438356e+00
1.752150e+01,9.152250e+00,1.723100e+01,-1.896232e+00
1.856000e+00,1.352975e+01,-2.714500e+00,1.190688e+00
1.491450e+01,1.595700e+01,1.249350e+01,1.388307e+00
2.257950e+01,1.090150e+01,1.083200e+01,-9.906716e-01
9.606000e+00,5.880000e+00,1.720600e+01,-8.769494e+00
1.697425e+01,9.881750e+00,5.651000e+00,2.423329e+00
3.152500e-01,3.210250e+00,7.777250e+00,-5.017931e+00
9.459500e+00,1.617900e+01,1.625400e+01,-7.327922e+00
1.502850e+01,9.628750e+00,4.456750e+00,3.158103e+00
1.937075e+01,1.700750e+01,3.304250e+00,-3.919239e+00
1.008250e+01,2.141000e+00,1.587700e+01,5.275407e+00
-3.417000e+00,8.584250e+00,4.313500e+00,-3.528974e+00
7.687500e-01,8.813250e+00,-2.436500e+00,-5.422369e+00
1.199500e+00,1.110000e-01,3.589000e+00,1.235204e-01
2.473775e+01,1.292100e+01,7.779000e+00,1.439233e+00
2.285825e+01,1.301150e+01,1.463475e+01,-5.030331e-01
2.202400e+01,1.537850e+01,1.136550e+01,1.150422e-01
1.904550e+01,2.185750e+01,3.748250e+00,1.617013e+00
1.182300e+01,1.833950e+01,4.888000e+00,5.137980e-01
2.583875e+01,1.367075e+01,1.174550e+01,9.206731e+00
1.589700e+01,1.654775e+01,1.425700e+01,6.324242e-01
9.020750e+00,1.673650e+01,1.235575e+01,-1.182295e+00
8.782500e-01,1.719125e+01,8.111000e+00,-6.321162e-01
2.052175e+01,1.680075e+01,8.745750e+00,3.875404e+00
2.004400e+01,1.308600e+01,1.584150e+01,2.104350e-01
1.899925e+01,1.340800e+01,1.856700e+01,7.038692e+00
1.823725e+01,1.532800e+01,1.722375e+01,4.293282e+00
1.791550e+01,1.251550e+01,2.829500e+00,1.769673e+01
1.288200e+01,1.174750e+01,2.102850e+01,-2.178549e+00
-7.405000e-01,1.383800e+01,1.493500e+00,7.875645e-02
6.983250e+00,1.526325e+01,1.470425e+01,4.297044e+00
3.480250e+00,1.763375e+01,8.668750e+00,-6.421947e-01
1.439075e+01,3.444250e+00,1.271675e+01,-6.121424e-01
1.304000e+00,1.823575e+01,5.468750e+00,3.769238e+00
1.375300e+01,6.225000e+00,5.598500e+00,-1.497284e-01
9.250000e-02,5.650000e+00,-2.619500e+00,2.428819e+00
9.864000e+00,1.087275e+01,-4.520250e+00,4.079489e+00
1.006550e+01,1.484700e+01,-4.185000e-01,2.585509e+00
9.906000e+00,7.305500e+00,1.428500e+00,3.155491e+00
5.658000e+00,9.090000e+00,-7.672250e+00,1.768791e-01
8.097750e+00,1.683425e+01,1.051650e+01,-8.727807e-01
-3.715000e+00,6.613250e+00,4.318500e+00,-2.770037e+00
7.469000e+00,1.866975e+01,2.363000e+00,1.678112e+00
1.078100e+01,-9.075000e-02,1.234100e+01,3.934836e-01
9.799250e+00,1.666375e+01,7.712000e+00,7.382067e+00
4.257000e+00,-8.202500e-01,2.600000e-01,2.133450e-01
1.374175e+01,1.825475e+01,4.239750e+00,1.292077e+00
1.983675e+01,1.487750e+01,3.999500e+00,1.956787e+00
1.188500e+00,7.466750e+00,1.378000e+00,2.537865e+00
9.993500e+00,2.064500e+00,1.028625e+01,-7.653286e-02
7.973000e+00,3.332500e-01,7.705000e+00,-5.453475e+00
1.360350e+01,1.100925e+01,1.799500e+00,-7.150889e+00
1.326300e+01,1.921650e+01,7.510000e+00,-7.934351e+00
2.089200e+01,1.065000e+01,1.185200e+01,3.790800e+00
1.426150e+01,1.000450e+01,2.023000e+01,-6.509573e+00
3.350750e+00,-1.123500e+00,-3.152250e+00,3.717682e-02
2.050025e+01,2.114225e+01,5.764750e+00,2.401366e+00
1.578750e+00,7.399000e+00,-7.700000e-02,-7.129585e-01
-3.682000e+00,9.711750e+00,4.508250e+00,-4.461356e-01
-6.775000e-02,4.439750e+00,-6.083500e+00,7.528559e-01
9.492000e+00,1.429150e+01,-1.146500e+00,7.431703e+00
2.884500e+00,6.905250e+00,1.012900e+01,5.100610e-01
1.486850e+01,1.510150e+01,1.903525e+01,-1.288973e+01
9.352750e+00,1.710125e+01,1.006675e+01,1.708683e-01
9.409000e+00,3.634500e+00,1.631300e+01,6.780171e+00
1.097250e+00,9.616250e+00,5.202500e-01,-5.134684e+00
4.535000e-01,1.493425e+01,9.343000e+00,-1.429285e+01
1.711400e+01,1.181225e+01,2.651000e+00,8.836502e+00
1.246125e+01,9.251000e+00,-1.833000e+00,2.357693e+00
5.462750e+00,1.100050e+01,-6.946000e+00,-1.401574e+01
2.210075e+01,1.017250e+01,8.803250e+00,-1.083662e+01
2.193050e+01,1.780250e+01,8.250750e+00,2.775060e+00
1.590500e+00,4.189250e+00,-6.936750e+00,2.580086e+00
2.320675e+01,1.114300e+01,1.197700e+01,-8.426214e-01
9.781500e+00,1.311700e+01,-1.819500e+00,5.829782e+00
1.808250e+01,9.894250e+00,1.378850e+01,-1.271382e+00
1.819700e+01,1.534950e+01,1.400850e+01,2.499519e+00
2.480963e+01,1.226812e+01,1.196088e+01,-1.655913e+00
1.692263e+01,2.110862e+01,4.774750e+00,3.881468e+00
1.305588e+01,7.145250e+00,1.655937e+01,2.358702e+00
1.200038e+01,1.790775e+01,3.378250e+00,1.148739e+00
1.165750e+01,-8.316250e-01,1.342263e+01,3.645623e-01
2.309688e+01,1.488700e+01,1.011463e+01,3.495825e+00
4.480000e+00,5.741250e-01,1.345625e+00,1.501347e+00
1.641500e+00,2.413375e+00,-1.693750e-01,-2.926485e+00
8.952125e+00,1.592963e+01,5.775000e-01,6.520734e+00
6.428250e+00,9.043125e+00,1.548481e+01,4.317897e+00
7.429750e+00,8.551875e+00,-5.289250e+00,1.792748e+00
1.603875e+00,1.473375e+01,9.431750e+00,-1.320409e+01
1.793713e+01,1.580450e+01,1.109225e+01,-3.752102e-01
4.760000e-01,1.582100e+01,8.234000e+00,-2.628484e+00
9.050625e+00,1.182487e+01,-4.017500e+00,9.583489e+00
1.470950e+01,8.814125e+00,6.061750e+00,-2.575978e+00
3.773750e+00,1.706363e+01,1.658500e+00,5.191645e+00
6.548125e+00,1.711962e+01,-8.143750e-01,8.899177e+00
1.376275e+01,9.371000e+00,1.840588e+01,-2.883412e+00
1.246462e+01,7.361250e-01,1.609812e+01,2.580400e-01
5.684000e+00,-1.544000e+00,9.291000e+00,5.353841e+00
1.406800e+01,1.589900e+01,2.300000e+00,1.363008e+00
1.757300e+01,1.235350e+01,1.980850e+01,3.947436e+00
1.777988e+01,1.137550e+01,3.278375e+00,7.279155e+00
1.202275e+01,1.120875e+01,1.998225e+01,-2.736559e+00
1.506775e+01,8.268125e+00,1.071663e+01,-5.013448e+00
1.847000e+00,-7.127500e-01,3.044500e+00,2.309570e-01
6.836375e+00,1.146513e+01,1.491300e+01,8.350065e-01
6.295000e-01,1.252450e+01,-1.783250e+00,4.772486e-02
2.338938e+01,1.189387e+01,4.758500e+00,5.732149e-01
1.293000e+00,1.880750e+00,1.263025e+01,6.332911e-01
3.941125e+00,4.614625e+00,1.372363e+01,5.564218e+00
3.281000e+00,-6.595000e-01,4.078750e-01,2.525184e-01
2.090225e+01,1.056575e+01,1.079025e+01,1.354563e+00
1.209463e+01,1.299113e+01,-1.072875e+00,-9.168174e+00
1.977838e+01,1.873438e+01,3.056750e+00,1.368758e+00
8.337000e+00,-5.630000e-01,9.261000e+00,-6.601108e+00
7.099000e+00,7.061000e+00,-5.476500e+00,2.265156e-01
6.343000e+00,7.706500e+00,1.495012e+01,3.640022e+00
4.769000e+00,1.017275e+01,-6.971750e+00,-4.928005e+00
1.443200e+01,6.033000e+00,7.619125e+00,-7.520819e-01
5.227000e+00,8.285000e+00,1.340325e+01,1.690419e+00
5.651750e+00,1.877125e+01,2.420000e-01,2.390956e+00
6.466500e+00,1.419750e+01,1.016300e+01,-7.190366e+00
2.191850e+01,1.790750e+01,3.599000e+00,-9.996774e+00
6.744750e+00,3.929625e+00,-1.100750e+00,2.241339e+00
5.318000e+00,-1.096500e+00,-2.238000e+00,1.420203e-01
1.937250e+00,7.378500e+00,9.576500e+00,2.370473e-01
5.680250e+00,3.012500e-02,1.446025e+01,3.290814e+00
1.901375e+00,1.353125e+00,1.375100e+01,1.092478e+00
7.418500e+00,1.229950e+01,1.428050e+01,-9.201168e-01
1.732525e+01,1.163237e+01,2.046013e+01,1.679078e+00
1.990625e+00,1.914288e+01,7.259375e+00,-8.896518e-02
-2.540000e-01,1.273150e+01,1.370000e+00,-4.693602e-03
1.181575e+01,1.724012e+01,1.143375e+01,-6.274597e-02
1.986175e+01,1.431000e+01,1.354412e+01,-7.771464e+00
8.268500e+00,1.336200e+01,-3.211500e+00,7.875772e+00
1.665375e+01,1.456975e+01,1.981750e+00,2.785762e+01
9.638250e+00,1.666625e+01,9.163750e+00,2.276014e+00
1.955875e+00,6.827250e+00,8.542000e+00,1.284046e+00
1.089888e+01,1.614050e+01,1.450150e+01,-3.732643e+00
1.027112e+01,7.858750e+00,-2.450375e+00,5.287717e+00
9.410000e-01,1.087300e+01,3.126125e+00,5.973051e-01
6.746500e+00,4.617000e+00,-4.304250e+00,-5.730537e+00
1.703625e+01,9.066500e+00,1.911300e+01,-6.035790e+00
1.514500e+00,2.131250e+00,1.106200e+01,2.569281e-01
2.356050e+01,1.520025e+01,1.095062e+01,-5.723721e-02
1.447625e+00,1.115325e+01,9.948125e+00,2.986682e-01
2.432900e+01,1.385325e+01,7.760000e+00,3.407439e+00
1.527300e+01,6.878875e+00,1.214000e+01,-1.008866e+01
4.430000e+00,7.061500e+00,1.311900e+01,1.269499e+00
7.207250e+00,-6.087500e-01,7.554500e+00,-8.593260e+00
1.116263e+01,3.296625e+00,1.158200e+01,-2.479299e+00
1.152125e+01,1.090300e+01,1.901600e+01,-9.099185e+00
1.162144e+01,2.156625e+00,7.779063e+00,3.738379e+00
7.644875e+00,1.673262e+01,-4.571250e-01,1.278399e+01
4.951250e+00,2.073000e+00,-5.151750e+00,-1.250259e+00
2.242100e+01,1.660875e+01,8.387750e+00,5.623924e+00
3.364375e+00,5.360375e+00,1.174713e+01,1.623279e+00
6.559500e+00,3.654000e+00,-4.542000e+00,-9.812047e-01
1.071725e+01,1.718750e+01,1.146650e+01,-2.204335e-01
3.632125e+00,-1.511000e+00,-2.241500e+00,8.372407e-02
1.024375e+01,1.700763e+01,6.185125e+00,5.331823e+00
1.443100e+01,1.083675e+01,3.135000e+00,1.702122e+00
5.405250e+00,-7.392500e-01,6.898750e+00,-8.728579e-02
8.149500e+00,1.253725e+01,1.533000e+01,-1.204581e+00
9.142000e+00,1.767338e+01,1.633125e+00,1.722117e+00
2.183888e+01,1.121412e+01,6.560375e+00,-3.166075e+00
1.366525e+01,7.115250e+00,5.022750e+00,7.009706e+00
1.721100e+01,9.905000e+00,6.848250e+00,-2.040067e+00
5.181750e+00,8.661250e-01,-4.565625e+00,-3.352966e-03
9.485000e-01,7.740500e+00,6.947250e+00,1.658930e-01
1.176725e+01,6.950000e-02,1.278525e+01,1.131974e-01
1.335387e+01,1.349700e+01,2.130237e+01,-2.715520e+00
3.447000e+00,6.348500e+00,1.089400e+01,7.640043e-01
3.132000e+00,1.700250e+00,7.329875e+00,-1.671183e+00
1.254175e+01,1.426287e+01,2.075688e+01,-1.005580e+01
4.697500e+00,4.670000e-01,3.222500e-01,2.698800e-01
2.005250e+00,1.966500e+00,6.843750e+00,-8.681227e+00
2.383975e+01,1.272912e+01,1.458863e+01,-3.240722e-01
6.257750e+00,1.177525e+01,-5.474250e+00,-1.010169e+01
2.801875e+00,1.531125e+00,8.355375e+00,-5.130860e+00
7.513375e+00,1.231100e+01,-4.184875e+00,3.284872e+00
3.022000e+00,9.259500e+00,1.220850e+01,-1.122496e+01
5.443875e+00,1.901600e+01,1.255875e+00,2.026354e+00
1.373988e+01,1.365638e+01,1.196000e+00,-1.297974e+01
1.368050e+01,1.711725e+01,2.082000e+00,9.907953e-01
1.125125e+01,1.334750e+01,1.819925e+01,-1.127510e+01
3.553250e+00,1.728037e+01,6.566250e-01,4.783225e+00
1.807937e+01,1.714700e+01,3.496250e+00,-5.675641e-01
1.726325e+01,2.238275e+01,6.421500e+00,1.896270e+00
1.179900e+01,1.604925e+01,1.515600e+01,-3.142112e+00
-3.162500e+00,7.529500e+00,4.025000e+00,-6.007819e+00
5.221250e-01,6.753000e+00,3.608250e+00,1.684201e+00
6.607625e+00,2.812250e+00,1.563750e+01,6.428932e+00
7.124250e+00,1.711000e+00,1.210750e+00,3.739687e-01
1.190050e+01,4.215125e+00,1.706162e+01,-1.090650e+01
2.340675e+01,1.398900e+01,1.432888e+01,-2.112655e-01
9.099625e+00,-2.143125e+00,1.252925e+01,6.546276e-01
1.615300e+01,1.601000e+01,1.341900e+01,3.446245e+00
5.162500e-01,1.633500e+01,3.947125e+00,3.650633e+00
1.812250e+01,1.311825e+01,1.935787e+01,1.080969e+01
-3.590000e+00,9.643125e+00,7.007250e+00,7.186285e-01
7.459500e+00,5.448750e+00,-3.537875e+00,-1.393911e+01
2.024000e+00,1.089100e+01,1.083700e+01,3.255204e+00
5.171250e+00,1.512350e+01,7.973000e+00,2.102037e+00
6.318500e+00,-9.735000e-01,-3.458500e+00,6.030671e-02
8.637000e+00,1.333287e+01,1.581987e+01,-4.040685e+00
5.468500e+00,5.887500e-01,1.532175e+01,3.062477e+00
1.029550e+01,5.819750e+00,2.879250e+00,5.004218e-01
7.360500e+00,4.769000e+00,-1.578750e+00,7.917159e+00
1.262575e+01,3.933500e+00,5.942000e+00,4.245073e+00
1.083625e+01,1.266950e+01,1.720737e+01,-8.965136e+00
5.179000e+00,5.667125e+00,1.630250e+01,9.576476e+00
1.221475e+01,5.234000e+00,5.150625e+00,7.414724e+00
1.102262e+01,6.504250e+00,1.689325e+01,-6.389260e+00
1.140750e+00,5.776500e+00,1.275750e+00,2.676706e+00
1.002575e+01,1.624650e+01,1.522450e+01,-8.278555e+00
3.123750e+00,3.407000e+00,-5.994000e+00,-8.349628e-01
6.612500e-01,5.489375e+00,1.044250e+01,5.167457e+00
3.736375e+00,1.451875e+00,9.151875e+00,1.398776e-01
1.068825e+01,1.745275e+01,9.930875e+00,5.789436e-01
2.515750e+01,1.383875e+01,9.778000e+00,2.544466e+00
4.130500e+00,-1.665125e+00,-1.329750e+00,1.206430e-01
1.544250e+00,1.246837e+01,-3.260000e+00,5.154322e-01
2.457500e+00,1.407750e+00,-2.128000e+00,7.183077e-02
1.239325e+01,2.568750e+00,8.933250e+00,3.405799e-01
5.465000e+00,-8.475000e-02,1.337050e+01,2.805168e+00
8.329250e+00,4.688250e+00,7.165000e-01,1.315800e+00
1.281000e+01,1.634250e+00,1.354850e+01,3.946513e-01
1.416250e-01,2.988125e+00,2.195500e+00,9.818669e-01
1.554462e+01,5.772625e+00,1.233200e+01,-7.745583e+00
7.952250e+00,7.844000e+00,-3.327750e+00,2.024139e+00
2.420788e+01,1.366150e+01,5.130875e+00,1.113565e+00
8.240000e+00,-2.191375e+00,1.341112e+01,8.097247e-01
1.067125e+01,1.843000e+00,7.658750e+00,2.977812e+00
7.990125e+00,5.474125e+00,-2.273375e+00,2.831541e+00
1.180650e+01,8.001000e+00,-2.079000e+00,5.241151e+00
1.202225e+01,1.183137e+01,-1.423625e+00,-4.025829e+00
5.038750e-01,1.764288e+01,5.056750e+00,1.031070e+01
9.057000e+00,1.397400e+01,-2.137500e+00,1.351702e+01
1.044675e+01,1.583250e+01,1.696700e+01,-1.373342e+00
5.015125e+00,-1.194250e+00,-4.627500e-01,1.653623e-01
6.965187e+00,1.634412e+01,5.471438e+00,2.166235e+00
1.207250e+00,6.228000e+00,-2.080500e+00,4.984461e+00
9.532500e-01,6.544500e+00,4.725000e-01,1.108757e+00
-9.553750e-01,7.731375e+00,3.495125e+00,-1.792600e+00
2.088625e+01,1.056350e+01,7.618250e+00,-7.169701e+00
4.263750e+00,1.839350e+01,5.593625e+00,1.081344e-01
2.900000e-02,2.566000e+00,9.935000e-01,5.234837e-01
2.352250e+01,1.189050e+01,9.519625e+00,-2.714065e+00
6.539250e+00,-1.916000e+00,9.785500e+00,1.014523e+01
1.181150e+01,2.308750e+00,5.805000e+00,3.720300e+00
3.732375e+00,9.828750e-01,8.160500e+00,1.568085e+00
2.063250e+00,1.377900e+01,9.685500e+00,-3.049428e+00
1.213525e+01,9.552500e+00,-8.130000e-01,-5.706049e-01
4.129250e+00,1.522575e+01,8.791125e+00,-2.023259e+00
1.554138e+01,1.697212e+01,3.720250e+00,6.501103e-01
-7.514375e-01,1.481944e+01,7.064375e-01,4.061269e-01
2.257150e+01,1.051400e+01,7.471500e+00,-7.680438e+00
7.502500e+00,9.717250e+00,1.723975e+01,-2.739983e-01
4.922500e-01,1.180000e+00,4.565000e-01,3.071949e-01
1.505275e+01,1.830725e+01,5.087875e+00,2.392059e+00
9.701250e-01,2.253875e+00,9.527250e+00,-6.454230e+00
2.503375e+00,-1.148750e-01,1.425338e+01,6.883935e-01
2.516000e+00,8.780000e+00,1.051400e+01,-2.574895e+00
-2.149375e+00,8.570500e+00,3.838875e+00,-2.948343e+00
2.099750e+00,3.057000e+00,-1.492500e+00,-5.006553e+00
1.229600e+01,9.924000e+00,1.849950e+01,-2.743896e+00
-3.531125e+00,1.059437e+01,5.171375e+00,-4.217714e-02
2.348500e+00,1.792225e+01,4.807000e+00,3.144235e+00
1.019050e+01,1.699525e+01,1.265500e+01,-1.272820e+00
3.431250e+00,1.437675e+01,9.589125e+00,-2.525484e-01
-3.787500e-02,2.016500e+00,2.952125e+00,5.167411e-01
2.013250e+01,2.162050e+01,4.361500e+00,1.968286e+00
1.296762e+01,5.693500e+00,1.699975e+01,-3.299773e+00
1.842050e+01,2.236875e+01,6.873375e+00,2.084561e+00
8.030625e-01,1.146381e+01,-2.769875e+00,-8.352011e-01
5.394000e+00,1.452000e+00,1.321500e+00,6.695697e-01
4.464875e+00,1.746200e+01,3.467750e+00,-1.132213e+01
5.397500e-01,1.327725e+01,4.933250e+00,4.346047e+00
7.451500e+00,5.675250e+00,1.778775e+01,-1.051241e+00
1.591200e+01,9.633500e+00,6.049000e+00,-2.894662e+00
1.769750e+00,4.404000e+00,-1.172750e+00,-5.617591e+00
-2.326250e+00,8.771500e+00,7.268000e+00,-4.274500e+00
1.808100e+01,1.003912e+01,1.701562e+01,-1.992618e+00
2.410000e-01,1.003425e+01,3.479250e+00,-2.108941e+00
1.876775e+01,1.067075e+01,8.397000e+00,-4.127340e+00
1.619663e+01,1.615012e+01,1.209675e+01,9.737916e-01
4.075000e-01,1.360800e+01,9.601500e+00,-1.183780e+01
6.055000e+00,3.536750e+00,-6.427500e+00,-9.352563e+00
1.660063e+01,1.906312e+01,8.928125e+00,2.374218e+00
-3.108750e+00,5.385250e+00,5.819750e+00,6.011260e+00
3.229250e+00,1.942712e+01,6.745250e+00,1.009394e-02
2.175250e+01,1.513600e+01,1.242250e+01,-4.263523e+00
4.003250e+00,1.150800e+01,1.309825e+01,-8.025585e-01
1.578875e+00,8.732000e+00,-5.432500e-01,-2.618598e+00
1.128600e+01,-1.820000e-01,1.688513e+01,4.036502e-01
2.171050e+01,1.669425e+01,4.130500e+00,-5.934482e+00
9.037375e+00,4.440250e+00,1.666125e+00,-8.324244e-01
1.984213e+01,1.149025e+01,4.830875e+00,-5.220149e+00
1.910700e+01,1.784925e+01,8.345000e+00,6.622485e+00
2.653250e+00,1.493850e+01,9.241000e+00,-7.796731e-01
4.056000e+00,1.213500e+00,5.862000e+00,-1.043946e+01
7.345375e+00,1.586837e+01,-1.616750e+00,9.744972e+00
2.650500e+00,1.860175e+01,8.310750e+00,-4.110654e-01
1.042400e+01,8.068000e+00,7.425000e-01,4.189536e+00
4.926250e-01,9.464000e+00,9.362750e+00,-8.822476e+00
9.867250e+00,1.016575e+01,1.716150e+01,-4.289934e+00
7.422125e+00,-3.361250e-01,-3.311875e+00,8.064166e-02
1.819588e+01,1.843088e+01,2.799500e+00,2.740450e+00
2.133288e+01,1.904887e+01,4.319750e+00,-2.004069e+00
-4.407500e-01,6.014750e+00,4.232750e+00,2.309176e+00
1.832475e+01,9.376750e+00,1.167300e+01,9.348597e-01
-4.740000e-01,5.229125e+00,-4.582750e+00,1.553158e+00
4.332125e+00,-3.413750e-01,4.029375e+00,1.583877e-01
9.295000e-01,8.499500e+00,1.127000e+00,-4.037599e+00
1.966825e+01,1.041737e+01,1.385500e+01,-1.022814e+01
8.044125e+00,1.070213e+01,1.686937e+01,3.868574e-01
1.909163e+01,1.291250e+01,3.028875e+00,-2.159030e+00
1.429312e+01,5.466750e+00,1.718575e+01,-6.007725e-01
1.200263e+01,1.758350e+01,8.642250e+00,3.548037e-01
9.371250e+00,5.372125e+00,2.043125e+00,-6.441243e-01
1.238950e+01,-8.556250e-01,1.636713e+01,1.399981e-01
1.198787e+01,-1.827750e+00,1.421438e+01,1.930498e-01
1.719975e+01,2.260850e+01,5.263875e+00,9.691679e-01
8.754875e+00,1.245288e+01,-3.194375e+00,4.607821e+00
8.750000e-01,1.066600e+01,-1.400000e-01,-1.706444e+00
3.184500e+00,6.225250e+00,-8.451000e+00,-1.087023e+01
1.082750e+00,9.791500e+00,-1.401500e+00,-6.103002e+00
7.759125e+00,-1.339000e+00,1.014438e+01,3.656387e+00
7.041625e+00,7.816375e+00,1.598925e+01,4.128533e+00
3.603000e+00,1.036100e+01,1.252500e+01,-8.637241e+00
1.042625e+01,8.318750e+00,-3.737000e+00,-1.596191e+00
-3.144250e+00,6.429000e+00,6.644000e+00,-3.981552e+00
9.734750e+00,1.115500e+01,1.687725e+01,-4.878589e+00
1.928900e+01,1.241125e+01,1.710725e+01,7.844856e+00
4.788000e+00,3.440250e+00,-6.911375e+00,-1.501512e+01
9.956250e-01,1.740962e+01,3.405125e+00,2.883263e+00
1.803000e+00,1.521250e-01,3.603750e-01,2.722869e-01
3.891375e+00,4.300125e+00,-7.153000e+00,6.812971e-01
1.520600e+01,1.161250e+01,3.142500e+00,5.997509e+00
2.478275e+01,1.365950e+01,1.418900e+01,1.724637e-01
8.260625e+00,1.619813e+01,1.183775e+01,-1.288140e+00
3.125000e+00,-1.107500e+00,3.461250e+00,2.252997e-01
8.191500e+00,6.445000e-01,2.596875e+00,2.060256e+00
1.367244e+01,2.161625e+00,1.635025e+01,8.086491e+00
1.015550e+01,6.837250e+00,1.773525e+01,-1.402533e+01
9.496500e+00,2.070000e-01,5.243500e+00,3.033270e+00
1.555987e+01,1.423987e+01,2.191875e+00,1.675014e+01
2.168875e+01,1.302325e+01,1.456250e+01,-1.191089e+00
1.567500e-01,6.898000e+00,-3.208375e+00,2.072649e+00
1.586750e+01,7.145000e+00,1.844225e+01,-2.108012e+00
1.229275e+01,1.047637e+01,-1.626250e+00,-2.398745e+00
4.962000e+00,4.471500e+00,1.615950e+01,9.333679e+00
2.053425e+01,1.997625e+01,5.989750e+00,5.847208e+00
1.095775e+01,1.517075e+01,1.942150e+01,-1.809626e+01
2.439125e+01,1.165850e+01,5.568000e+00,3.830358e-01
1.806825e+01,1.423400e+01,1.792425e+01,9.588398e+00
2.466500e+00,5.550750e+00,1.097775e+01,3.502242e+00
1.705225e+01,1.995175e+01,8.510750e+00,4.035224e+00
1.564625e+00,6.282750e+00,3.507625e+00,4.140534e+00
2.098175e+01,2.061150e+01,4.774500e+00,2.225985e+00
1.840925e+01,2.228225e+01,4.626000e+00,1.831115e+00
-4.558750e-01,1.803012e+01,7.795000e-01,4.233030e-01
2.260500e+01,1.140200e+01,5.281750e+00,2.352496e-01
6.990250e+00,-9.861250e-01,1.132375e+01,1.715315e+00
8.989000e+00,1.139000e+00,2.022500e+00,1.648914e+00
1.369300e+01,1.575012e+01,1.889513e+01,-1.630184e+01
7.239000e+00,1.526800e+01,9.544000e+00,-8.889247e+00
6.146875e+00,5.604125e+00,1.719000e+01,4.601651e-01
1.877000e+00,8.451625e+00,9.605500e+00,-3.715636e-03
7.067000e+00,2.940750e+00,-3.655750e+00,-1.607724e-01
7.521625e+00,6.685625e+00,-3.576375e+00,-6.002266e+00
2.324600e+01,1.313462e+01,4.328125e+00,8.028012e-01
7.372500e-01,1.749875e+00,7.744500e+00,-1.245069e+01
1.847037e+01,1.642075e+01,1.040663e+01,6.283228e-01
2.050775e+01,1.072200e+01,9.786000e+00,-7.501821e-01
2.239712e+01,1.512900e+01,5.291375e+00,5.359234e+00
1.488000e+01,6.646500e+00,8.805750e+00,7.322822e-01
7.477750e+00,1.074100e+01,-5.047000e+00,-4.801631e-01
2.296250e+00,9.765125e+00,1.121288e+01,-6.906777e+00
1.738038e+01,1.633863e+01,1.679550e+01,8.371260e-01
1.516425e+01,1.651275e+01,1.500825e+01,-4.775696e-01
1.794925e+01,1.636550e+01,1.560900e+01,7.811170e-01
1.128613e+01,-2.211625e+00,1.534413e+01,2.937623e-01
5.583375e+00,2.178375e+00,1.524125e+01,1.207682e+01
4.072000e+00,3.070000e-01,-4.012500e+00,4.354694e-02
4.016250e+00,1.273862e+01,1.281325e+01,-2.259842e-02
4.445250e+00,1.394287e+01,1.226200e+01,-2.243350e-01
1.392000e+01,1.443500e+01,2.047500e+01,-6.854995e+00
8.657000e+00,5.493250e+00,-1.385500e+00,2.833146e+00
4.573250e+00,5.486000e+00,1.522888e+01,1.159432e+01
3.164000e+00,-1.394000e+00,-1.171000e+00,1.055597e-01
-2.937500e-01,1.200075e+01,3.839250e+00,5.073334e-01
-3.866250e-01,1.412625e+00,2.163000e+00,2.875978e-01
1.178925e+01,1.560175e+01,1.374500e+00,-9.445580e-01
-1.302500e-01,1.300962e+01,-7.806250e-01,1.083010e-01
6.597375e+00,1.939575e+01,1.707875e+00,1.313414e+00
4.066250e+00,5.745625e+00,-7.780875e+00,-6.124163e-01
4.391000e+00,1.656462e+01,-1.190375e+00,4.955744e+00
1.113100e+01,5.325000e+00,1.700075e+01,-8.415333e+00
1.113525e+01,1.391500e+01,1.937400e+01,-1.519608e+01
1.556025e+01,9.011250e+00,1.246950e+01,-1.927369e+01
9.968000e+00,1.597825e+01,9.607500e-01,2.371436e+00
2.122125e+01,1.604150e+01,8.905125e+00,6.034415e+00
1.283050e+01,1.854050e+01,5.515750e+00,-4.378981e+00
4.148500e+00,1.820938e+01,8.004375e+00,-3.681535e-01
1.623800e+01,1.017100e+01,4.357000e+00,7.036243e+00
1.155300e+01,2.387750e+00,1.255175e+01,-1.306362e-01
1.943050e+01,2.220637e+01,5.995500e+00,2.188022e+00
-5.970000e-01,5.707000e+00,5.391500e+00,1.796963e+00
8.938750e+00,9.165750e+00,1.716725e+01,-7.281010e-01
2.448725e+01,1.165375e+01,6.886500e+00,2.943811e-01
1.182562e+01,1.582350e+01,1.767675e+01,-7.248462e+00
1.091012e+01,1.407112e+01,-6.411250e-01,-2.682299e+00
7.806750e+00,8.641250e+00,1.706800e+01,-4.360782e-01
1.015038e+01,1.139200e+01,-3.258750e+00,2.991722e+00
4.279500e+00,3.042500e+00,1.524900e+01,4.718797e+00
1.733825e+01,1.043100e+01,2.044975e+01,1.600616e+00
2.551500e+00,1.370400e+01,-4.884500e+00,5.714468e+00
8.832250e+00,1.659325e+01,1.529700e+01,-9.534824e+00
1.889075e+01,2.067600e+01,7.723750e+00,5.105540e+00
1.834137e+01,9.967875e+00,5.101500e+00,1.076548e+00
8.711250e+00,7.935000e-01,5.935250e+00,1.852344e+00
1.642875e+00,2.375125e+00,1.459650e+01,7.340314e-01
1.418487e+01,4.044625e+00,1.169763e+01,-7.101311e+00
2.039375e+01,1.990300e+01,3.651250e+00,4.057481e+00
2.072550e+01,1.589225e+01,4.180250e+00,-2.471076e+00
1.438500e+00,5.350250e+00,3.500000e-03,5.235638e-01
1.737412e+01,6.928875e+00,1.709262e+01,-9.588518e-01
1.092600e+01,2.154250e+00,9.170750e+00,2.251712e+00
1.416650e+01,6.430000e+00,6.526500e+00,-8.136302e-01
7.418500e+00,1.607900e+01,6.760750e+00,8.830494e-01
3.200000e-01,3.898500e+00,1.121875e+01,6.892908e+00
3.533750e-01,1.304375e+01,3.594250e+00,-2.665376e+00
1.499300e+01,1.362200e+01,1.955050e+01,-2.390171e+00
1.006212e+01,1.717587e+01,4.751250e+00,1.456509e+00
9.427500e-01,3.137250e+00,1.174475e+01,3.140579e+00
1.514675e+01,8.991500e+00,2.030700e+01,-1.315433e+01
9.876500e+00,1.300050e+01,1.637600e+01,-7.014344e+00
1.696875e+00,7.803125e+00,-6.043125e+00,2.454997e+00
4.254125e+00,8.409000e+00,1.241862e+01,-4.106269e+00
1.884137e+01,1.176681e+01,3.634062e+00,-3.843150e+00
1.377887e+01,1.124163e+01,6.487500e-02,-1.920847e+01
1.371350e+01,1.802113e+01,3.155000e+00,1.307082e+00
2.302700e+01,1.762200e+01,6.435875e+00,2.726132e+00
8.130625e+00,1.749612e+01,3.206625e+00,1.301569e+00
2.476125e+00,-5.847500e-01,-2.290375e+00,7.655639e-02
5.360000e+00,1.259250e+00,3.067500e-01,-2.126042e+00
9.818750e+00,1.597375e+00,2.471625e+00,3.106904e+00
2.362575e+01,1.171888e+01,1.098338e+01,-5.127152e+00
7.751375e+00,7.641250e-01,-2.246000e+00,1.149794e-01
2.527250e+00,7.283375e+00,-8.461750e+00,-1.354715e+01
7.556250e-01,5.712500e+00,5.868250e+00,1.151408e+00
4.727000e+00,1.407050e+01,9.555000e+00,-4.381361e+00
8.868750e-01,1.000075e+01,-2.676375e+00,-9.490035e+00
1.708400e+01,5.633250e+00,1.678438e+01,-1.159280e+00
1.487194e+01,7.431188e+00,1.002631e+01,-6.180194e+00
6.220500e+00,5.504750e+00,-5.213750e+00,-3.564814e+00
3.233875e+00,1.646675e+01,8.748125e+00,-5.836732e-01
1.518275e+01,1.325575e+01,2.575250e+00,1.289358e+01
1.296950e+01,9.095500e+00,1.728700e+01,3.113716e+00
1.526675e+01,8.421000e+00,7.127750e+00,-3.602246e+00
1.320575e+01,1.216288e+01,-7.376250e-01,-9.532289e+00
1.330138e+01,1.540525e+01,2.019450e+01,-1.124676e+01
1.705225e+01,5.965250e+00,1.540000e+01,-5.154020e+00
1.865475e+01,9.871625e+00,1.889613e+01,5.905250e-03
1.345575e+01,3.946000e+00,1.042100e+01,-1.484543e+01
1.662500e-01,5.527375e+00,-6.793375e+00,1.919894e+00
-3.027500e-01,1.424950e+01,8.676875e+00,-1.780702e+01
1.849800e+01,1.044712e+01,1.996025e+01,6.371643e-01
-1.192750e+00,1.099850e+01,3.998000e+00,-2.165332e+00
1.989500e+00,3.604250e+00,3.896750e+00,1.866707e+00
3.417500e+00,1.234175e+01,-5.508500e+00,5.108963e-01
4.163250e+00,8.880000e+00,-7.392875e+00,2.561088e-01
4.005000e-01,1.386600e+01,2.839750e+00,-2.302613e+00
1.417175e+01,8.575500e+00,1.794262e+01,-1.455637e+00
1.547200e+01,5.395875e+00,1.700075e+01,1.031366e-01
1.787000e+01,1.882238e+01,8.788875e+00,2.723851e+00
6.179875e+00,-7.538750e-01,-1.252500e+00,1.518986e-01
3.510625e+00,8.260000e+00,-7.996000e+00,-1.069534e+01
5.696750e+00,1.059475e+01,1.458625e+01,8.302466e-01
6.986000e+00,7.749625e+00,-6.702125e+00,8.826850e-01
1.580438e+01,9.264500e+00,1.098113e+01,-4.419844e+00
8.042000e+00,2.977750e+00,1.629025e+01,7.617682e+00
6.929000e+00,4.216500e+00,-3.329000e+00,-1.202877e+00
3.790000e-01,4.746250e-01,1.465500e+00,3.412701e-01
1.442162e+01,1.418712e+01,2.241625e+00,1.899342e+00
2.869625e+00,1.704900e+01,3.886125e+00,-1.300028e+00
7.236250e-01,7.125375e+00,-6.665875e+00,1.377666e+00
1.204900e+01,1.258263e+01,2.101925e+01,-3.376451e+00
-1.229500e+00,7.004250e+00,6.731000e+00,-1.694855e+00
1.757775e+01,2.148275e+01,4.101500e+00,2.125806e+00
-1.251250e-01,4.231125e+00,1.027650e+01,4.278704e+00
1.938100e+01,1.064637e+01,9.754875e+00,-1.532482e+00
3.274000e+00,-1.117500e-01,1.535400e+01,9.261177e-01
5.593750e+00,7.292500e+00,1.415050e+01,2.158438e+00
1.490325e+01,1.253675e+01,2.023188e+01,-1.179077e+00
2.116112e+01,1.479312e+01,4.690375e+00,-1.348643e+00
1.425550e+01,8.883500e+00,4.113000e+00,-3.613722e-01
7.977250e+00,1.891425e+01,1.193625e+00,1.522043e+00
-1.440250e+00,1.065000e+01,7.714125e+00,-4.394877e+00
1.435925e+01,3.049875e+00,1.657775e+01,4.792362e+00
1.947600e+01,1.588950e+01,3.619500e+00,4.902357e-01
1.111450e+01,1.766788e+01,7.323125e+00,6.854091e+00
5.649750e+00,1.892300e+01,2.476500e+00,1.013628e+00
-2.777500e-01,6.027875e+00,-5.640375e+00,2.047181e+00
4.428875e+00,-3.020000e-01,1.503988e+01,1.473007e+00
5.879125e+00,8.761250e+00,1.463675e+01,3.233074e+00
8.590250e+00,1.513050e+01,-7.430000e-01,7.470231e+00
1.577500e+01,4.426750e+00,1.326150e+01,-8.118325e+00
7.373250e+00,-1.474250e+00,1.308925e+01,1.481035e+00
2.376425e+01,1.151875e+01,1.383575e+01,-5.845457e-01
7.872125e+00,1.846712e+01,1.627500e-01,2.460269e+00
1.188963e+01,7.868500e+00,1.659850e+01,-1.187857e+00
1.687000e+00,1.321750e+00,8.342500e+00,-1.170138e+01
3.016000e+00,-4.332500e-01,1.301650e+01,5.879807e-01
6.562875e+00,1.108150e+01,-6.280375e+00,-1.124697e+01
2.346400e+01,1.490700e+01,6.277750e+00,6.858727e+00
1.942737e+01,1.401863e+01,1.695988e+01,4.768378e+00
1.318112e+01,1.806612e+01,8.489125e+00,-8.860836e+00
1.433300e+01,1.918487e+01,6.902625e+00,-4.419870e+00
2.482500e+00,1.553513e+01,-2.872750e+00,2.071676e+00
1.282100e+01,6.140500e+00,4.818000e+00,5.503758e+00
1.143400e+01,1.808075e+01,5.874250e+00,2.266724e-01
7.289000e+00,1.611350e+01,-3.351625e+00,3.363239e+00
1.260925e+01,1.909712e+01,6.638625e+00,-1.412984e+01
1.285050e+01,1.053438e+01,2.030387e+01,-1.610884e+00
7.777000e+00,1.351150e+01,1.480425e+01,7.677657e-01
1.297425e+01,1.721875e+01,1.241737e+01,-4.333921e-01
9.171500e+00,-4.460000e-01,1.579300e+01,1.584568e+00
1.868175e+01,9.901125e+00,6.407500e+00,-1.843802e-01
2.195750e+00,1.352775e+01,-3.883000e+00,6.305727e+00
4.089500e+00,7.000625e+00,1.169037e+01,9.188724e-01
1.191538e+01,8.371750e+00,-3.133750e+00,5.904713e+00
1.395675e+01,1.827800e+01,5.297250e+00,4.134335e-01
1.912700e+01,1.720925e+01,9.137250e+00,2.731216e+00
5.012375e+00,7.344125e+00,-7.783125e+00,-3.646017e+00
9.169000e+00,6.901375e+00,-2.163000e+00,3.222913e+00
9.818875e+00,-2.190125e+00,1.360350e+01,5.034858e-01
2.367350e+01,1.453588e+01,9.056250e+00,4.695387e+00
9.091500e+00,8.000625e+00,-3.218125e+00,2.327561e+00
-7.061250e-01,1.371550e+01,1.812500e-01,2.889043e-01
1.965150e+01,2.180400e+01,7.051875e+00,1.573759e+00
2.265750e+00,-8.175000e-02,-9.027500e-01,4.551131e-02
-6.113750e-01,5.465750e+00,-3.548750e+00,9.444846e-01
2.452500e-01,1.844675e+01,-1.577500e-01,5.155887e-01
1.115225e+01,1.031237e+01,-4.532875e+00,7.733639e+00
1.104025e+01,1.205800e+01,1.856750e+01,-9.157488e+00
6.286500e+00,4.121375e+00,1.699988e+01,1.756572e+00
6.679375e-01,1.097912e+01,-1.456125e+00,-1.962757e+00
1.099413e+01,5.122875e+00,3.607250e+00,-2.384185e+00
1.037950e+01,6.800500e+00,2.696000e+00,2.346475e+00
1.457700e+01,1.617562e+01,1.355863e+01,3.813745e-01
4.649000e+00,1.609125e+01,7.345875e+00,2.367360e+00
1.103375e+01,1.271425e+01,2.006075e+01,-3.930715e+00
3.385000e+00,1.902925e+01,7.690625e+00,-2.223903e-01
1.474850e+01,6.339125e+00,1.010875e+01,-1.140395e+01
4.348500e+00,4.573250e+00,1.485862e+01,7.504595e+00
1.149363e+01,9.253375e+00,1.499625e+00,1.559657e+00
5.430250e+00,1.757838e+01,-6.182500e-01,3.873302e+00
1.664500e+01,6.161250e+00,1.771737e+01,-7.741737e-01
1.668000e+00,3.642437e+00,2.831750e+00,5.231711e+00
1.985388e+01,2.102725e+01,3.476500e+00,2.415286e+00
1.375125e+00,5.893875e+00,8.779625e+00,4.731021e+00
2.003275e+01,1.057875e+01,1.257750e+01,2.051758e+00
7.324375e+00,1.696800e+01,3.725125e+00,1.526840e+00
1.965700e+01,1.057212e+01,1.486388e+01,-1.522719e+01
1.440300e+01,1.865687e+01,8.810500e+00,-6.919499e-01
1.320988e+01,9.692750e+00,1.942700e+01,-2.391277e+00
1.199162e+01,1.661525e+01,1.322925e+01,-1.480312e+00
1.716475e+01,1.066425e+01,4.124000e+00,5.661386e+00
9.462750e+00,1.206513e+01,1.621288e+01,-4.757370e+00
1.369875e+00,9.789750e+00,1.004725e+01,-1.225139e+00
8.688500e+00,1.281000e+00,7.110750e+00,8.893553e-01
7.527250e+00,8.923750e-01,-3.680750e+00,6.165130e-03
2.300550e+01,1.539862e+01,1.241550e+01,8.244960e-02
1.463700e+01,2.864000e+00,1.357500e+01,5.746167e+00
8.903750e-01,7.779625e+00,-2.762250e+00,4.150094e+00
1.241962e+01,1.726662e+01,9.783375e+00,3.990255e-01
1.398150e+01,1.254150e+01,2.126675e+01,-1.485621e+00
4.049750e+00,-1.655000e-01,1.255050e+01,9.522821e-01
1.009975e+01,-6.131250e-01,1.680513e+01,6.761892e-01
5.432875e+00,7.248750e-01,4.298625e+00,-1.517972e+00
1.069600e+01,4.576250e+00,2.467000e+00,-1.077602e+01
7.229750e+00,4.674500e+00,1.765662e+01,7.171392e-02
1.504488e+01,1.788125e+01,3.858000e+00,1.134511e+00
-4.007125e+00,6.178500e+00,5.529750e+00,-2.709029e+00
6.388375e+00,6.647813e+00,1.627925e+01,-1.595438e+00
-1.915000e-01,1.308900e+01,5.638500e+00,2.574670e+00
1.715413e+01,1.611475e+01,1.452656e+01,3.480060e+00
2.045950e+01,1.260138e+01,3.778000e+00,-3.263222e+00
8.995000e+00,6.189563e+00,6.288750e-01,3.463123e+00
8.985875e+00,2.388500e+00,1.671125e+00,3.882547e+00
1.665094e+00,3.902406e+00,-5.878062e+00,4.777054e+00
5.386750e+00,1.071313e+00,2.526937e+00,3.824564e+00
1.721288e+01,1.647812e+01,1.093938e+01,4.416313e-01
6.418188e+00,1.672000e+00,2.932500e-01,-6.980847e+00
-1.212875e+00,8.923000e+00,7.273000e+00,-4.975401e+00
3.790000e-01,1.215850e+01,2.817750e+00,-1.338276e+00
1.906775e+01,1.436375e+01,1.428525e+01,-4.769304e+00
5.957750e+00,7.272500e-01,5.595500e+00,-6.110383e+00
1.421787e+01,7.783500e+00,5.980500e+00,8.094530e+00
1.697375e+01,9.478000e+00,1.167800e+01,-7.113976e-01
2.306000e+00,2.336750e+00,-3.044750e+00,1.714108e+00
2.828750e-01,1.636050e+01,5.554000e+00,-1.623193e+00
1.249381e+01,1.511250e-01,1.385175e+01,2.505890e-01
1.695737e+01,9.091687e+00,1.281200e+01,-4.346644e+00
1.648369e+01,9.595750e+00,7.661000e+00,-1.421735e+01
4.947687e+00,1.709725e+01,6.411250e+00,1.572501e+00
6.595937e+00,-2.960625e-01,1.361912e+01,3.731278e+00
7.034750e+00,2.742500e-01,-1.149500e+00,4.525335e-02
6.349750e+00,1.050850e+01,1.548588e+01,1.634989e+00
2.041500e+00,1.766975e+01,8.283938e+00,-5.662137e-01
2.165125e+00,3.764125e+00,5.176250e+00,8.131110e-01
2.154938e+01,1.187944e+01,5.568938e+00,1.063310e+00
1.312125e+00,3.496000e+00,-3.765062e+00,3.674635e+00
4.197500e-01,7.304625e+00,-4.896000e+00,2.515906e+00
8.380437e+00,-1.382437e+00,1.443050e+01,1.437930e+00
-1.825250e+00,1.235075e+01,5.666250e+00,1.431795e+00
6.216500e+00,1.487487e+01,8.392250e+00,-7.054644e+00
9.105000e-01,5.198688e+00,6.886500e+00,2.600336e+00
1.085063e+01,3.076500e+00,1.057575e+01,2.764325e-01
1.396300e+01,1.541456e+01,1.524456e+01,-9.845780e-01
9.503250e+00,-1.601062e+00,1.487381e+01,9.232618e-01
2.097156e+01,1.142162e+01,1.436712e+01,-1.450120e+01
6.812500e-01,4.091437e+00,-4.862563e+00,3.313811e+00
6.400000e-02,1.382750e+01,6.353500e+00,4.351464e-01
1.983200e+01,1.979025e+01,6.931188e+00,6.933776e+00
1.166619e+01,3.023562e+00,9.883188e+00,3.402765e-01
1.779750e+01,1.575875e+01,1.268575e+01,1.347866e+00
3.010687e+00,1.647519e+01,-1.866563e+00,2.694548e+00
3.561812e+00,1.755725e+01,4.599375e+00,-1.230103e+00
1.092025e+01,1.323337e+01,-1.225313e+00,-1.805129e+00
2.525000e-01,1.734587e+01,2.365500e+00,8.442218e-01
9.974875e+00,1.622931e+01,1.370162e+01,-3.188704e+00
7.052250e+00,1.782712e+01,3.054625e+00,2.373700e+00
2.388237e+01,1.519825e+01,1.193650e+01,4.594198e-01
8.887062e+00,1.616306e+01,1.340450e+01,-2.289592e+00
5.681688e+00,6.543188e+00,1.529381e+01,-6.326889e-01
1.773438e+00,1.800009e+01,-3.036563e-01,1.119669e+00
2.332144e+01,1.433263e+01,5.256312e+00,1.503420e+00
6.697875e+00,3.517125e+00,-2.407500e+00,9.271706e-01
4.819500e+00,1.782125e+01,2.177125e+00,5.107136e+00
1.219000e+01,3.557000e+00,1.153200e+01,-9.035589e+00
6.292094e+00,-1.328531e+00,8.009031e+00,-5.625752e-01
2.652500e+00,1.734141e+01,1.241437e+00,2.080943e+00
1.059000e+00,1.438850e+01,4.529375e+00,-4.385803e+00
1.311125e+01,4.550875e+00,7.080750e+00,7.657355e+00
1.259544e+01,9.805000e+00,2.418375e+00,7.789729e-01
1.977125e+00,9.766000e+00,-4.023250e+00,-6.074211e+00
5.769750e+00,1.399200e+01,1.108163e+01,2.487386e+00
2.958813e+00,1.325150e+01,1.043125e+01,6.951474e+00
1.483900e+01,1.670012e+01,1.155338e+01,5.439306e-01
2.181950e+01,1.441737e+01,1.317962e+01,-2.767948e+00
6.771625e+00,1.851869e+01,-2.333750e-01,2.888230e+00
3.097500e-01,1.548787e+01,7.074000e+00,9.066524e-01
2.284019e+01,1.615847e+01,5.491125e+00,4.405804e+00
1.341375e+01,1.565113e+01,1.392550e+01,-1.282569e+00
1.099737e+01,1.793475e+01,3.973875e+00,9.100297e-01
4.264250e+00,1.415981e+01,1.076494e+01,2.668391e-01
2.795813e+00,1.505706e+01,-4.172750e+00,5.748950e+00
1.075919e+01,6.354375e-01,5.011875e+00,3.738061e+00
1.106225e+01,1.643056e+01,1.604450e+01,-7.254696e-01
-4.432313e+00,9.725438e+00,5.893000e+00,9.611264e-01
1.757094e+00,1.936594e+00,4.113281e+00,1.524844e+00
1.616494e+01,1.909587e+01,5.106125e+00,8.000992e-01
5.888750e+00,2.665375e+00,-5.446188e+00,-8.786330e+00
2.318625e+01,1.065731e+01,6.333938e+00,-6.552972e-01
7.881125e+00,1.145863e+01,1.621275e+01,-3.848733e-02
9.113563e+00,1.895062e+00,9.314937e+00,3.604200e+00
1.850575e+01,1.516819e+01,1.505288e+01,2.757414e+00
1.628975e+01,1.748275e+01,1.102800e+01,4.686134e-01
1.215375e+01,9.754062e+00,-3.530187e+00,8.128662e+00
6.660625e-01,1.717838e+01,-1.100437e+00,8.710324e-01
3.329500e+00,7.958625e+00,1.070975e+01,-1.914722e+00
1.027125e+01,1.719850e+01,1.597750e+00,1.313773e+00
1.761563e+01,2.089850e+01,8.025500e+00,6.527112e+00
1.052225e+01,1.089450e+01,1.796500e+01,-1.919230e+01
-4.177312e+00,8.123188e+00,5.440750e+00,-8.091867e+00
8.915250e+00,4.441375e+00,1.702788e+01,8.575601e-01
7.954187e+00,1.065625e-02,1.532356e+01,2.706928e+00
5.158625e+00,1.238425e+01,-5.679000e+00,-3.012762e+00
5.422937e+00,-4.831250e-02,-4.429375e-01,6.869585e-02
4.638500e+00,-3.130000e-01,2.628000e+00,7.549405e-01
6.950125e+00,9.666250e-01,5.153875e+00,-3.922363e-01
-2.705250e+00,1.162025e+01,5.255000e+00,1.658919e+00
-3.862750e+00,7.759000e+00,6.472750e+00,-6.940137e+00
-3.035750e+00,1.091350e+01,6.583625e+00,-6.544569e-01
2.055288e+01,1.142512e+01,6.310750e+00,-7.261276e-01
2.403238e+01,1.460712e+01,1.317088e+01,2.158126e-01
2.220438e+00,-5.804375e-01,4.290938e+00,-1.260279e-02
2.165250e+00,1.101875e+00,1.534613e+01,6.785382e-01
1.083234e+01,1.195031e+00,1.615422e+01,1.392925e+00
8.612500e-01,9.765062e+00,2.676000e+00,-2.533066e+00
2.476700e+01,1.238450e+01,1.372075e+01,-1.935203e-01
1.397875e+00,6.463250e+00,7.526500e+00,1.530445e+00
4.436250e+00,6.170000e-01,1.138000e+01,1.112840e+00
1.157550e+01,1.485612e+01,6.610000e-01,-6.357652e+00
1.686500e+00,4.641875e+00,6.166688e+00,5.180006e+00
8.584000e+00,1.356500e+00,8.284750e+00,7.094296e-01
1.764594e+01,1.736250e+01,9.930750e+00,1.515601e+00
1.316356e+01,1.484306e+01,1.577750e+00,-5.105393e+00
8.521813e+00,-4.359375e-01,1.042300e+01,-1.071750e+00
2.496762e+01,1.340563e+01,6.379625e+00,1.156934e+00
1.769844e+01,1.996144e+01,3.383813e+00,3.824035e+00
4.323000e+00,3.140000e-01,5.313500e+00,-2.012457e+00
6.175750e+00,1.240781e+01,1.327350e+01,-4.673749e+00
1.979450e+01,1.067175e+01,7.044500e+00,-1.435497e+00
1.712813e+01,5.132375e+00,1.452350e+01,-1.381495e+01
2.149750e+00,1.925463e+01,5.689125e+00,4.452350e-01
2.024875e+00,1.249912e+01,9.782312e+00,5.401864e+00
1.317488e+01,1.524938e+01,1.695100e+01,-1.008616e+01
2.215906e+01,1.181556e+01,1.393938e+01,-1.318497e+00
4.010625e-01,6.495188e+00,6.664813e+00,5.721116e-01
2.075475e+01,1.496438e+01,1.296850e+01,-1.500408e+01
8.494438e+00,5.120313e+00,-3.042500e-01,2.641663e+00
6.287500e-02,1.546906e+01,-7.970937e-01,8.508772e-01
2.555069e+01,1.283956e+01,1.076725e+01,3.025823e+00
2.510125e+01,1.396575e+01,1.290875e+01,1.780396e+00
2.384000e+00,2.069937e+00,1.005075e+01,-1.195114e+00
1.635462e+01,1.569400e+01,3.248000e+00,2.591545e+01
1.593500e+00,6.227250e+00,9.979875e+00,3.467206e+00
1.001750e+00,2.984750e+00,1.320969e+01,8.985200e-01
6.227500e+00,1.942813e+00,-4.449875e+00,-1.703206e-02
2.467950e+01,1.466244e+01,1.031488e+01,1.616757e+00
6.102063e+00,1.662888e+01,-1.655312e+00,8.480364e+00
1.630369e+01,2.127431e+01,5.595438e+00,3.599435e+00
1.432712e+01,1.123075e+01,2.050550e+01,-2.633605e+00
2.139162e+01,1.523637e+01,1.045263e+01,3.565489e+00
1.821300e+01,9.339938e+00,1.266881e+01,-2.492814e-01
1.109675e+01,8.111500e+00,-1.239750e+00,9.263186e+00
1.075187e+01,-1.328375e+00,1.305963e+01,4.771125e-01
1.321981e+01,7.703125e-01,1.529644e+01,1.637137e-01
1.718437e+01,8.301250e+00,1.793131e+01,-1.991235e+00
1.469688e+00,1.102750e+00,-2.420625e-01,-3.106517e-02
4.882312e+00,1.629956e+01,-4.827875e+00,2.548920e+00
1.750838e+01,1.010800e+01,8.096750e+00,-6.243103e+00
1.229119e+01,3.238563e+00,6.901687e+00,9.150086e+00
1.430487e+01,2.043375e+00,1.470650e+01,2.699309e+00
2.534750e+00,1.193975e+01,-4.776125e+00,1.020016e+00
2.341488e+01,1.599962e+01,7.170000e+00,7.067227e+00
1.815438e+01,9.505375e+00,1.007450e+01,-5.890945e+00
5.110562e+00,1.377688e+01,-5.457125e+00,3.193722e+00
4.011750e+00,1.662650e+01,7.977750e+00,-3.038682e-01
6.125687e+00,1.564756e+01,7.157438e+00,4.253184e+00
2.199500e+00,5.412000e+00,3.200750e+00,8.428405e+00
6.337000e+00,8.253375e+00,-7.441562e+00,7.787281e-01
1.520250e+00,3.514625e+00,-1.943750e-01,-1.063367e+01
2.141200e+01,1.891200e+01,5.939000e+00,1.981932e+00
6.560750e+00,1.360688e+00,2.254188e+00,7.584051e+00
-2.154625e+00,6.509000e+00,4.118250e+00,3.752763e+00
1.509119e+01,1.546069e+01,2.826938e+00,8.836691e+00
-8.383750e-01,1.673581e+01,1.525625e-01,3.532974e-01
1.093250e+01,3.171812e+00,1.597456e+01,-2.851460e-01
7.789125e+00,1.542675e+01,1.066125e+01,-2.968097e+00
1.462087e+01,1.535450e+01,1.630138e+01,-3.330553e+00
1.814575e+01,1.393125e+01,2.244000e+00,2.477775e+01
4.719000e+00,7.000000e-02,6.405000e+00,-1.106906e-01
4.308750e+00,9.456250e-01,1.586137e+01,1.990501e+00
1.890066e+01,1.507344e+01,1.626247e+01,4.928219e+00
1.255613e+01,1.568363e+01,1.446013e+01,-4.104057e+00
1.093112e+01,1.440250e+01,1.775688e+01,-8.335788e+00
1.887694e+01,1.513925e+01,1.284969e+01,-2.927824e+00
3.214000e+00,1.126850e+01,1.202675e+01,-2.842819e+00
8.029062e+00,9.045000e+00,-4.421250e+00,8.048017e-01
5.681875e+00,1.631556e+01,6.296250e+00,5.222516e+00
8.539625e+00,1.740062e+01,6.181250e-01,3.582574e+00
1.279075e+01,3.944750e+00,8.199250e+00,7.466922e+00
1.359538e+01,1.228975e+01,1.174875e+00,-1.887039e+01
1.134281e+01,6.987000e+00,4.055625e+00,4.264323e+00
6.863313e+00,1.403337e+01,-4.299437e+00,8.657133e+00
3.746188e+00,1.481937e+01,-5.460031e+00,4.287900e+00
9.530000e-01,1.615450e+01,-1.946750e+00,7.886083e-01
6.082937e+00,9.740000e-01,3.390125e+00,3.469543e+00
2.842750e+00,5.370000e-01,-3.199875e+00,2.702683e-01
9.473438e-01,1.581781e+00,3.604344e+00,7.234872e-01
1.573575e+01,1.930819e+01,8.369125e+00,1.598031e+00
1.738587e+01,1.622437e+01,3.475812e+00,1.233551e+00
9.408000e+00,1.733025e+01,1.146975e+01,-5.747044e-01
2.437300e+01,1.300481e+01,8.914062e+00,-2.154327e+00
1.690762e+01,1.563063e+01,1.758987e+01,1.178757e+00
2.298144e+01,1.537825e+01,8.788125e+00,7.676136e+00
2.637812e+00,1.701163e+01,2.598187e+00,8.967121e-01
2.324500e+00,1.935000e+00,-1.145875e+00,-2.339619e+00
7.067375e+00,1.363050e+01,1.350650e+01,-4.205567e+00
1.086063e+00,1.826131e+01,6.792312e+00,1.804418e-01
5.616750e+00,4.813563e+00,-6.483875e+00,-6.825373e+00
6.103250e+00,7.500000e-04,1.216475e+01,1.836555e+00
2.111281e+01,1.367150e+01,1.387450e+01,-1.478918e+00
7.397250e+00,1.658750e+00,1.516913e+01,1.030250e+01
1.477538e+01,6.319750e+00,1.800700e+01,-6.536948e-01
9.026500e+00,1.847875e+00,1.603150e+01,6.239907e+00
7.959750e+00,1.561262e+01,8.033375e+00,-2.070878e+00
1.462469e+01,4.556563e+00,1.644006e+01,-8.253346e-01
1.521588e+01,1.992625e+01,6.853375e+00,2.198666e+00
1.633750e+01,2.122044e+01,7.106500e+00,6.604721e+00
6.871875e+00,2.356625e+00,-1.187500e+00,-1.968922e+00
7.457438e+00,1.526319e+01,1.572331e+01,2.581409e+00
9.108500e+00,1.530412e+01,1.664700e+01,-1.157016e+01
1.964025e+01,1.569794e+01,1.092363e+01,-3.214947e+00
5.943875e+00,1.685350e+01,4.262750e+00,-4.798285e+00
7.804688e+00,1.460337e+01,-2.912500e+00,1.088992e+01
1.112131e+01,9.226437e+00,2.595625e-01,2.256649e+00
2.145500e+00,3.641625e+00,-4.745875e+00,1.004683e+00
6.568750e-01,1.520756e+01,3.165750e+00,-5.391438e-01
3.924125e+00,5.307437e+00,1.281863e+01,3.396063e+00
1.208125e+00,1.088725e+01,1.262000e+00,-3.325709e+00
1.302000e+00,1.420906e+01,-1.676375e+00,1.202665e+00
8.062875e+00,-1.523875e+00,1.191350e+01,1.179590e+00
6.256625e+00,1.374188e+01,1.234625e+01,-1.336959e+01
1.607906e+01,1.839213e+01,1.018644e+01,6.898869e-01
8.344812e+00,1.639438e+01,4.483375e+00,1.189216e+00
2.705250e+00,8.469250e+00,-5.407250e+00,6.576570e+00
5.569500e+00,1.661563e+01,-3.609000e+00,3.418793e+00
1.780000e-01,4.438438e+00,-3.001750e+00,2.007659e+00
1.413200e+01,1.224775e+01,2.526500e+00,-4.215897e-01
1.694841e+01,1.332037e+01,2.194969e+00,2.888277e+01
6.788250e+00,9.467250e+00,-6.149500e+00,-1.039237e+00
1.238675e+01,2.055312e+00,1.603288e+01,4.376788e-01
9.931250e+00,3.400000e-01,4.174750e+00,5.384921e+00
1.578000e+00,5.952250e+00,-9.430000e-01,-4.531181e-01
1.384125e+00,8.506125e+00,-4.036125e+00,9.351094e-01
2.130856e+01,1.244031e+01,4.740875e+00,1.698691e+00
1.850038e+01,1.499062e+01,2.832125e+00,2.094628e+01
5.671875e-01,8.182125e+00,2.843250e+00,2.556980e-01
4.423687e+00,1.758063e+01,1.946250e-01,4.812478e+00
1.982000e+01,1.164056e+01,1.578937e+01,-1.302145e+01
9.125500e+00,3.399000e+00,1.864000e+00,9.943642e-01
7.543500e+00,6.973625e+00,1.724050e+01,-2.112445e+00
-1.232500e+00,1.192938e+01,7.448125e+00,-3.962156e-01
1.461063e+01,7.547813e+00,1.810162e+01,-1.619976e+00
2.232538e+01,1.791300e+01,4.885125e+00,-3.115024e-01
2.056762e+01,1.762875e+01,2.706750e+00,-1.660626e+01
3.236875e+00,-1.052625e+00,2.302625e+00,3.711972e-01
-1.741250e-01,8.919625e+00,7.461375e+00,-3.394482e+00
8.883750e+00,7.809250e+00,1.789800e+01,-1.650643e+01
5.685625e+00,3.610313e+00,1.576625e+01,8.397010e+00
1.703750e+00,7.190000e+00,-7.295500e+00,-4.101021e+00
1.058381e+01,1.766188e+00,1.195556e+01,2.273741e-01
-7.626875e-01,1.005100e+01,8.824938e+00,-1.670731e+01
1.178712e+01,1.830875e+00,4.336750e+00,5.873361e+00
9.132437e+00,1.607256e+01,6.711125e+00,2.437112e+00
7.442813e+00,2.192938e+00,-3.010687e+00,4.903059e-02
1.572650e+01,8.137250e+00,1.906225e+01,-1.626607e+01
2.168381e+01,1.132431e+01,1.245756e+01,1.581229e+00
9.763938e+00,9.398125e-01,1.140687e+01,-6.815075e-02
2.861375e+00,3.498438e+00,1.458981e+01,2.631362e+00
1.285000e-01,3.072125e+00,9.509250e+00,5.518322e-01
1.934950e+01,1.413550e+01,3.358750e+00,8.575013e+00
1.197575e+01,1.616188e+01,1.918388e+01,-2.108750e+01
4.097469e+00,1.121187e+01,-5.811031e+00,-5.879974e+00
7.882375e+00,1.520950e+01,1.330038e+01,1.092256e+00
1.140575e+01,3.793563e+00,4.173687e+00,-1.908524e+00
1.659250e+00,7.295000e+00,-1.325250e+00,-4.801941e+00
4.320625e-01,1.238912e+01,9.156437e+00,-3.909056e+00
1.492750e+01,1.878700e+01,9.977750e+00,3.067476e-02
1.042425e+01,8.390062e+00,1.761800e+01,-6.857749e+00
1.314925e+01,9.986125e+00,4.180000e-01,-1.643512e+01
1.288819e+01,1.404625e+01,-1.316875e-01,-2.019025e+01
8.387000e+00,7.330000e-01,4.460500e+00,6.530281e+00
3.400125e+00,1.619225e+01,-4.498500e+00,1.943255e+00
9.470500e+00,1.609212e+01,5.463000e+00,2.563097e+00
1.055000e+00,1.824206e+01,1.443938e+00,8.130909e-01
1.584300e+01,1.526312e+01,1.775294e+01,-3.150444e+00
1.314700e+01,3.630500e+00,1.194375e+01,-7.613296e+00
4.152750e+00,2.501875e+00,-5.726250e+00,-3.479751e+00
1.268638e+01,3.506875e+00,1.660700e+01,-2.427753e+00
-3.897500e-01,1.355175e+01,7.634500e+00,-4.517388e+00
1.144850e+01,9.504687e+00,1.756887e+01,-9.914374e+00
1.044212e+01,3.016500e+00,2.247375e+00,-3.146655e+00
1.564250e+00,4.592281e+00,1.167294e+01,1.500466e+00
2.832344e+00,9.981875e+00,-5.037031e+00,2.240542e-01
6.668000e+00,1.219000e+00,-7.310000e-01,-8.241782e-01
3.213750e+00,2.436406e+00,1.529362e+01,2.267284e+00
6.423250e+00,1.806250e-02,6.573813e+00,2.067456e-01
2.511000e+00,2.098000e+00,5.806000e+00,-7.268325e-01
2.866500e+00,2.415125e+00,-4.230375e+00,2.520460e+00
1.724634e+01,7.224406e+00,1.545228e+01,-9.324567e-01
1.885531e+01,1.096209e+01,1.735187e+01,-3.901731e-01
1.698100e+01,1.999950e+01,4.710000e+00,4.787401e+00
1.908403e+01,1.956703e+01,3.056969e+00,7.377017e+00
9.643000e+00,9.509000e+00,-4.283000e+00,1.724620e+00
2.356969e+01,1.170744e+01,8.091125e+00,-8.292778e-01
-4.700937e-01,1.544694e+01,1.933500e+00,1.921565e-01
1.743094e+00,1.615619e+01,8.586750e+00,-3.289907e-01
1.391309e+01,5.663187e+00,8.898750e+00,2.091959e+00
7.445094e+00,1.447978e+01,1.134234e+01,-7.422521e+00
2.284000e+00,9.787500e-01,1.255088e+01,8.301685e-01
1.628569e+01,8.051406e+00,1.330206e+01,-3.627417e+00
1.623056e+01,1.000791e+01,2.040991e+01,-2.508066e+00
4.836000e+00,-7.818750e-01,-3.447875e+00,6.345212e-02
1.195200e+01,8.404875e+00,3.138750e+00,4.656313e+00
1.635869e+01,9.270437e+00,9.573688e+00,-5.540385e+00
1.662128e+01,1.789278e+01,3.929938e+00,-8.426472e-01
3.791250e-01,4.681500e+00,8.503625e+00,8.407594e-01
4.671250e+00,-8.855000e-01,8.137812e+00,1.416156e-02
1.988925e+01,1.369006e+01,1.495038e+01,-2.167304e+00
1.493337e+01,3.406562e+00,1.516975e+01,-4.112075e+00
1.128569e+01,1.115656e+01,-2.438187e+00,-2.298268e-01
1.328112e+01,7.873844e+00,4.258969e+00,8.588954e+00
1.711506e+01,9.304312e+00,1.575769e+01,-3.704205e+00
1.357375e+00,6.317125e+00,2.410125e+00,5.930020e+00
6.471312e+00,1.527105e+01,-4.664203e+00,3.791769e+00
1.357625e+00,8.623625e+00,8.135125e+00,-3.519687e-01
2.422750e+00,1.140000e+00,4.877750e+00,-2.405769e-01
4.920906e+00,9.686000e+00,1.290700e+01,-1.664340e+00
1.324375e+00,3.655125e+00,-2.486500e+00,2.693922e+00
1.528450e+01,8.379500e+00,8.211000e+00,1.385416e+00
1.788312e+00,4.221063e+00,1.318950e+01,1.421576e+00
1.080900e+01,1.576156e+00,6.182875e+00,2.924990e+00
1.705744e+01,6.489437e+00,1.383081e+01,-1.561582e+01
1.268319e+01,1.550931e+01,1.606431e+01,-2.976366e+00
2.071831e+01,1.817622e+01,7.784438e+00,7.001588e+00
7.494813e+00,2.752187e+00,4.094062e-01,-1.258515e+01
5.659438e+00,6.277563e+00,-6.443375e+00,2.084911e+00
1.582097e+01,4.621094e+00,1.507375e+01,-7.303393e+00
1.594444e+01,1.624134e+01,1.597225e+01,7.782837e-01
3.208750e+00,8.647750e+00,-6.306125e+00,3.580251e+00
1.848262e+01,1.077294e+01,1.592825e+01,-2.986268e+00
1.151609e+00,4.274875e+00,1.505078e+00,2.874240e+00
1.690687e+00,-6.643750e-02,1.929250e+00,8.197591e-01
5.821875e-01,1.189731e+01,-1.085000e-01,-2.835361e-01
4.553000e+00,3.881875e-01,9.844531e+00,1.299660e-01
9.775875e+00,7.117687e+00,-4.712500e-01,1.151899e+01
1.892397e+01,1.202559e+01,1.925069e+01,3.519677e+00
1.625225e+01,1.202400e+01,1.993875e+01,7.373285e+00
2.735000e-01,1.693013e+01,6.601125e+00,-3.288460e-01
2.202078e+00,5.091359e+00,-7.497344e+00,6.908993e+00
1.382644e+01,1.746669e+01,1.136925e+01,-2.411721e-02
4.033437e+00,1.645759e+01,-2.974813e+00,2.922452e+00
-1.599500e+00,9.676625e+00,3.983750e+00,-4.589543e+00
9.975563e+00,2.013000e+00,8.667750e+00,4.002786e+00
1.656900e+01,1.393825e+01,1.838700e+01,4.271058e+00
