12.096,1.226,12.803
25.249,13.061499999999999,12.387
0.6839999999999999,5.9945,4.782
12.9875,5.0495,6.1375
1.4715,10.629,-3.3129999999999997
0.245,0.40349999999999997,2.775
1.2985000000000002,17.932000000000002,4.3294999999999995
-0.3815,17.417,-0.444
13.2245,10.881499999999999,-0.8945000000000001
21.2875,13.436,4.4595
19.0325,19.085,7.8115000000000006
7.5125,3.306,17.0985
0.5315,16.271500000000003,2.872
2.1189999999999998,14.5905,-2.6705
13.404499999999999,15.5775,17.919
13.335,4.7545,9.1735
11.579,17.0,1.5565
16.966,4.8215,13.471499999999999
15.209499999999998,4.5195,12.3
10.7795,1.6625,3.0715
-2.461,7.352,6.986
-0.162,11.608,9.443
14.297,8.929,19.696
2.2485,4.921,4.0825
12.731375,18.164125000000002,4.34125
24.533,12.34225,9.83925
8.6145,6.094,17.464
12.331,6.3935,16.416249999999998
5.09775,12.501999999999999,13.10125
14.634,16.81275,2.84525
-0.22625,14.117375,-0.762375
12.5805,17.389499999999998,1.767
0.639,15.47025,4.714
9.6485,17.933,3.47525
5.801,-0.506,-4.521
8.221499999999999,0.69525,9.480250000000002
9.84275,12.1095,-2.3445
-1.6635,6.04575,6.0475
5.96925,9.8345,-7.061
0.9089999999999999,9.4725,1.535625
0.9062499999999999,3.84825,7.14325
13.689250000000001,9.9705,3.3495
8.083,1.37,1.388
6.715,9.284500000000001,16.4595
22.91675,17.36175,7.6
1.93,16.673,-1.857
17.3365,8.697,14.384
3.32275,13.80875,-5.59075
3.644,1.592,-4.821
20.446,16.499,3.317
23.22325,17.134,5.487
13.20925,-0.726,15.602
-2.554,9.94,7.301
12.172,18.654,7.6175
16.0285,12.247,2.8884999999999996
12.6015,-1.5452500000000002,15.31025
24.639000000000003,11.5415,12.9385
11.47275,17.52325,2.594
4.1122499999999995,-0.56525,1.2349999999999999
8.07925,-0.6645,8.2955
26.006,14.193999999999999,10.797
14.49175,15.568750000000001,17.86825
8.62425,11.23375,-4.7665
23.852,14.912,7.86
0.5722499999999999,15.13725,5.94575
12.827749999999998,2.82225,12.98125
3.2954999999999997,1.6635,11.0665
11.937000000000001,3.2495000000000003,5.2995
6.947,-1.0485,-2.6485000000000003
-1.08075,15.796750000000001,0.5945
10.495,4.248,16.52
14.8905,8.2425,11.9285
-0.9655,12.136000000000001,4.833
1.545,3.2615,6.5920000000000005
6.4995,12.693000000000001,-4.441
3.3687500000000004,1.34175,15.9565
2.9859999999999998,3.7605,-7.185499999999999
9.678,-1.5270000000000001,11.8615
22.078000000000003,13.998999999999999,4.829000000000001
0.21425,10.6295,9.89
9.572,6.598,2.1225
4.60275,18.213,6.7017500000000005
-0.7825,16.75025,1.5999999999999999
10.67925,-2.39575,14.38775
0.8895,2.4855,6.968
8.343,16.1655,9.499
21.198500000000003,18.7125,3.2215
22.30025,18.284,7.30375
12.8655,17.967,2.56575
11.2235,2.66025,3.32175
4.8125,5.78675,13.88575
11.6745,15.47925,20.362499999999997
1.2145,3.4364999999999997,14.19275
7.653499999999999,0.17575,6.7625
21.6445,10.54175,9.657250000000001
2.9785000000000004,1.1705,-4.1515
14.356,5.09925,10.34
11.558250000000001,14.21575,20.34925
5.205500000000001,11.3255,13.689
18.369,21.213749999999997,2.93975
10.413499999999999,-1.71675,16.1585
11.30875,-1.25675,16.725
3.0415,17.65825,-0.23825
14.969,5.333,11.358
8.1475,16.24575,15.979750000000001
19.304000000000002,10.10725,11.0655
3.376,13.254,11.9785
8.551749999999998,0.66425,10.5435
18.50325,11.08775,4.365
19.585,16.5955,10.0715
-3.066,5.36575,4.76175
3.2305,19.053,5.5865
12.811250000000001,-0.91425,14.46775
6.613,0.5479999999999999,14.854
9.692,0.6185,16.06975
9.12375,0.7849999999999999,3.3914999999999997
5.71475,-0.038500000000000006,11.07125
24.957,12.32825,6.289
20.7085,15.622250000000001,9.661249999999999
7.4265,-1.605,8.84925
24.2825,12.5915,4.8325
18.173499999999997,9.1175,18.174500000000002
19.2495,10.381250000000001,5.5245
8.653,14.3035,16.4205
22.6735,11.0275,9.8245
7.74475,16.08275,14.50825
5.6015,17.765,3.2495000000000003
-1.7722499999999999,5.5592500000000005,5.04525
7.4275,-0.6735,-1.8125
10.669,17.139499999999998,8.486
7.323499999999999,7.95525,-4.14175
3.9935,7.345,-8.510750000000002
12.504,2.932,7.856
6.7315,0.05150000000000002,-4.3134999999999994
18.1385,20.0475,8.4765
11.21,16.964,12.347000000000001
11.1565,8.96625,-4.30875
12.733,3.622,9.53
17.85475,10.23,14.748000000000001
19.834,15.452,12.578
20.506,15.683,11.797
7.499499999999999,4.067,-0.193
9.948250000000002,-0.6555,11.283999999999999
4.6905,17.528,4.78875
8.5825,18.003,2.467
5.388,15.22275,-5.91025
13.772,17.6935,9.741
16.128,11.1405,3.3055
25.302,14.70975,11.5455
18.116999999999997,22.743,5.716
20.322,10.83625,8.624
6.86725,10.328,16.484
1.806,11.532499999999999,-3.6585
3.77625,-0.7090000000000001,14.071750000000002
5.8759999999999994,-1.1285,10.24425
-1.03275,13.0595,7.00775
23.849,10.915,12.9805
12.7975,15.824000000000002,1.7275
1.6255000000000002,5.624,4.711
7.02625,6.21425,-4.697
17.5215,9.152249999999999,17.231
1.856,13.52975,-2.7145
14.9145,15.956999999999999,12.493500000000001
22.579500000000003,10.9015,10.832
9.606,5.88,17.206
16.974249999999998,9.88175,5.651
0.31525000000000003,3.2102500000000003,7.7772499999999996
9.4595,16.179000000000002,16.254
15.028500000000001,9.62875,4.4567499999999995
19.37075,17.0075,3.3042499999999997
10.0825,2.141,15.876999999999999
-3.417,8.584249999999999,4.3134999999999994
0.76875,8.81325,-2.4365
1.1995,0.111,3.5889999999999995
24.737750000000002,12.921,7.779
22.85825,13.0115,14.63475
22.024,15.378499999999999,11.3655
19.045499999999997,21.857499999999998,3.7482499999999996
11.823,18.3395,4.888
25.83875,13.67075,11.7455
15.896999999999998,16.54775,14.257000000000001
9.02075,16.7365,12.35575
0.87825,17.19125,8.111
20.52175,16.80075,8.745750000000001
20.044,13.086,15.8415
18.99925,13.408,18.567
18.23725,15.328,17.223750000000003
17.9155,12.5155,2.8295
12.882,11.7475,21.0285
-0.7404999999999999,13.838000000000001,1.4935
6.98325,15.26325,14.70425
3.48025,17.63375,8.66875
14.39075,3.44425,12.716750000000001
1.304,18.23575,5.46875
13.753,6.225,5.5985
0.0925,5.65,-2.6195
9.863999999999999,10.87275,-4.52025
10.0655,14.847000000000001,-0.4185
9.905999999999999,7.3055,1.4285
5.6579999999999995,9.09,-7.67225
8.097750000000001,16.834249999999997,10.516499999999999
-3.715,6.61325,4.3185
7.468999999999999,18.66975,2.363
10.780999999999999,-0.09075,12.341000000000001
9.79925,16.66375,7.712
4.257,-0.8202499999999999,0.26
13.74175,18.25475,4.239750000000001
19.836750000000002,14.8775,3.9994999999999994
1.1885,7.466749999999999,1.378
9.9935,2.0645,10.28625
7.973000000000001,0.33325,7.705
13.6035,11.00925,1.7994999999999999
13.263,19.2165,7.51
20.892,10.65,11.852
14.2615,10.0045,20.229999999999997
3.3507499999999997,-1.1235,-3.15225
20.50025,21.142249999999997,5.764749999999999
1.57875,7.399,-0.07699999999999999
-3.6820000000000004,9.711749999999999,4.50825
-0.06775,4.43975,-6.083500000000001
9.492,14.2915,-1.1465
2.8845,6.9052500000000006,10.129
14.8685,15.101500000000001,19.035249999999998
9.35275,17.10125,10.06675
9.408999999999999,3.6345,16.313000000000002
1.0972499999999998,9.61625,0.52025
0.4535,14.934249999999999,9.343
17.113999999999997,11.812249999999999,2.651
12.46125,9.251,-1.8330000000000002
5.46275,11.0005,-6.946
22.10075,10.1725,8.80325
21.930500000000002,17.802500000000002,8.25075
1.5905,4.1892499999999995,-6.93675
23.20675,11.143,11.977
9.7815,13.117,-1.8195000000000001
18.082500000000003,9.894250000000001,13.788499999999999
18.197000000000003,15.349499999999999,14.008500000000002
24.809625,12.268125,11.960875000000001
16.922625,21.108625,4.77475
13.055875,7.145250000000001,16.559375
12.000375,17.90775,3.37825
11.6575,-0.8316250000000001,13.422625
23.096875,14.887,10.114625
4.48,0.574125,1.345625
1.6415,2.413375,-0.169375
8.952125,15.929625000000001,0.5774999999999999
6.42825,9.043125,15.4848125
7.42975,8.551875,-5.28925
1.603875,14.73375,9.431750000000001
17.937125,15.8045,11.09225
0.476,15.821,8.234
9.050625,11.824874999999999,-4.0175
14.7095,8.814125,6.06175
3.7737499999999997,17.063625000000002,1.6585
6.548125000000001,17.119625,-0.8143750000000001
13.76275,9.370999999999999,18.405875
12.464625,0.736125,16.098125
5.684,-1.544,9.291
14.068,15.899,2.3
17.573,12.3535,19.8085
17.779875,11.3755,3.2783749999999996
12.022749999999998,11.208749999999998,19.98225
15.06775,8.268125000000001,10.716625
1.847,-0.71275,3.0445
6.836375,11.465125,14.913
0.6295,12.5245,-1.78325
23.389375,11.893875,4.7585
1.2930000000000001,1.88075,12.63025
3.941125,4.614625,13.723625
3.281,-0.6595,0.407875
20.902250000000002,10.565750000000001,10.79025
12.094625,12.991125,-1.0728750000000002
19.778375,18.734375,3.05675
8.337,-0.563,9.261
7.099,7.061,-5.4765
6.343,7.7065,14.950125
4.769,10.17275,-6.97175
14.432,6.0329999999999995,7.619125
5.227,8.285,13.40325
5.65175,18.771250000000002,0.242
6.4665,14.197500000000002,10.163
21.9185,17.9075,3.599
6.74475,3.929625,-1.10075
5.318,-1.0965,-2.238
1.9372500000000001,7.378500000000001,9.5765
5.680249999999999,0.030125,14.46025
1.901375,1.353125,13.751000000000001
7.4185,12.2995,14.2805
17.32525,11.632375,20.460125
1.9906249999999999,19.142875,7.259375
-0.254,12.7315,1.37
11.81575,17.240125,11.43375
19.86175,14.310000000000002,13.544125
8.2685,13.362,-3.2115
16.653750000000002,14.569749999999999,1.98175
9.63825,16.66625,9.16375
1.9558749999999998,6.82725,8.542
10.898875,16.1405,14.5015
10.271125,7.858750000000001,-2.450375
0.9410000000000001,10.873000000000001,3.126125
6.746499999999999,4.616999999999999,-4.30425
17.036250000000003,9.0665,19.113
1.5145,2.13125,11.062
23.5605,15.20025,10.950624999999999
1.447625,11.15325,9.948125000000001
24.329,13.85325,7.76
15.273,6.878875000000001,12.14
4.43,7.0615000000000006,13.119
7.20725,-0.60875,7.554500000000001
11.162625,3.2966249999999997,11.582
11.52125,10.903,19.016
11.621437499999999,2.156625,7.7790625
7.644875,16.732625,-0.457125
4.95125,2.073,-5.15175
22.421,16.60875,8.38775
3.364375,5.3603749999999994,11.747125
6.5595,3.654,-4.542
10.71725,17.1875,11.4665
3.632125,-1.5110000000000001,-2.2415
10.243749999999999,17.007625,6.185125
14.431000000000001,10.83675,3.135
5.4052500000000006,-0.73925,6.89875
8.1495,12.53725,15.329999999999998
9.142,17.673375,1.633125
21.838875,11.214125,6.5603750000000005
13.66525,7.11525,5.02275
17.211,9.905000000000001,6.84825
5.181749999999999,0.866125,-4.565625
0.9485000000000001,7.740500000000001,6.94725
11.76725,0.06949999999999999,12.78525
13.353874999999999,13.497,21.302374999999998
3.447,6.3485,10.894
3.132,1.70025,7.3298749999999995
12.54175,14.262875,20.756875
4.6975,0.46699999999999997,0.32225000000000004
2.0052499999999998,1.9665000000000001,6.84375
23.839750000000002,12.729125,14.588625
6.25775,11.77525,-5.47425
2.801875,1.531125,8.355374999999999
7.513375,12.311,-4.184875
3.022,9.2595,12.2085
5.443875,19.016,1.255875
13.739875000000001,13.656375,1.196
13.6805,17.11725,2.082
11.251249999999999,13.3475,18.19925
3.55325,17.280375,0.656625
18.079375,17.147,3.49625
17.26325,22.38275,6.4215
11.799,16.04925,15.156
-3.1625,7.5295000000000005,4.025
0.522125,6.753,3.60825
6.6076250000000005,2.8122499999999997,15.6375
7.12425,1.711,1.21075
11.900500000000001,4.2151250000000005,17.061625
23.40675,13.988999999999999,14.328875
9.099625,-2.143125,12.52925
16.153,16.009999999999998,13.419
0.51625,16.335,3.947125
18.1225,13.11825,19.357875
-3.5900000000000003,9.643125000000001,7.00725
7.4595,5.44875,-3.537875
2.024,10.891,10.837
5.17125,15.1235,7.973
6.3185,-0.9735,-3.4585
8.637,13.332875,15.819875
5.468500000000001,0.5887500000000001,15.321749999999998
10.2955,5.819749999999999,2.87925
7.3605,4.769,-1.5787499999999999
12.62575,3.9335000000000004,5.942
10.83625,12.6695,17.207375
5.179,5.667125,16.302500000000002
12.21475,5.234,5.150625
11.022625,6.50425,16.893250000000002
1.1407500000000002,5.7765,1.27575
10.025749999999999,16.246499999999997,15.224499999999999
3.1237500000000002,3.407,-5.994
0.6612499999999999,5.489375,10.4425
3.736375,1.451875,9.151875
10.68825,17.45275,9.930875
25.157500000000002,13.83875,9.777999999999999
4.1305,-1.665125,-1.32975
1.54425,12.468375,-3.26
2.4575,1.4077499999999998,-2.128
12.39325,2.5687499999999996,8.933250000000001
5.465,-0.08474999999999999,13.3705
8.32925,4.68825,0.7164999999999999
12.809999999999999,1.6342500000000002,13.5485
0.14162499999999997,2.988125,2.1955
15.544625,5.772625,12.332
7.952249999999999,7.843999999999999,-3.32775
24.207875,13.6615,5.130875
8.239999999999998,-2.191375,13.411124999999998
10.67125,1.843,7.6587499999999995
7.990125,5.474125000000001,-2.2733749999999997
11.8065,8.001000000000001,-2.079
12.02225,11.831375,-1.423625
0.5038750000000001,17.642875000000004,5.05675
9.057,13.974,-2.1375
10.446750000000002,15.8325,16.967
5.015125,-1.1942499999999998,-0.46275
6.9651875,16.344125,5.4714375
1.20725,6.228,-2.0805
0.9532499999999999,6.544499999999999,0.47250000000000003
-0.955375,7.731375,3.495125
20.88625,10.5635,7.61825
4.26375,18.3935,5.593624999999999
0.028999999999999998,2.566,0.9935
23.5225,11.8905,9.519625
6.539249999999999,-1.916,9.785499999999999
11.811499999999999,2.30875,5.805
3.732375,0.9828749999999999,8.160499999999999
2.06325,13.779,9.6855
12.13525,9.5525,-0.8130000000000001
4.12925,15.225750000000001,8.791125000000001
15.541375,16.972125,3.72025
-0.7514375,14.8194375,0.7064374999999999
22.5715,10.514000000000001,7.4715
7.5024999999999995,9.71725,17.23975
0.49225,1.1800000000000002,0.4565
15.05275,18.30725,5.087875
0.9701249999999999,2.253875,9.52725
2.503375,-0.114875,14.253375
2.516,8.78,10.514
-2.149375,8.5705,3.838875
2.0997500000000002,3.0570000000000004,-1.4925000000000002
12.296,9.924,18.499499999999998
-3.531125,10.594375,5.171374999999999
2.3485,17.92225,4.807
10.1905,16.99525,12.655
3.4312500000000004,14.376750000000001,9.589125
-0.03787499999999999,2.0164999999999997,2.9521249999999997
20.1325,21.6205,4.3614999999999995
12.967625,5.6935,16.99975
18.4205,22.36875,6.873374999999999
0.8030624999999999,11.4638125,-2.769875
5.394,1.452,1.3215
4.464875,17.462000000000003,3.46775
0.53975,13.27725,4.933249999999999
7.4515,5.67525,17.78775
15.912,9.633500000000002,6.0489999999999995
1.76975,4.404,-1.17275
-2.32625,8.7715,7.268
18.081,10.039124999999999,17.015625
0.241,10.03425,3.47925
18.76775,10.67075,8.397
16.196625,16.150125,12.09675
0.4075,13.608,9.6015
6.055,3.53675,-6.4275
16.600625,19.063125,8.928125000000001
-3.10875,5.38525,5.81975
3.22925,19.427124999999997,6.74525
21.7525,15.136,12.4225
4.0032499999999995,11.508,13.09825
1.578875,8.732,-0.54325
11.286,-0.182,16.885125000000002
21.710500000000003,16.694249999999997,4.1305
9.037374999999999,4.44025,1.666125
19.842125000000003,11.49025,4.830875000000001
19.107,17.849249999999998,8.344999999999999
2.65325,14.938500000000001,9.241
4.056,1.2135,5.862
7.345375,15.868374999999999,-1.6167500000000001
2.6505,18.60175,8.310749999999999
10.424,8.068,0.7425
0.492625,9.463999999999999,9.36275
9.86725,10.16575,17.161499999999997
7.422125,-0.336125,-3.3118749999999997
18.195875,18.430875,2.7995
21.332875,19.048875,4.31975
-0.44075000000000003,6.014749999999999,4.232749999999999
18.32475,9.376750000000001,11.673
-0.474,5.229125,-4.582750000000001
4.3321250000000004,-0.341375,4.029375
0.9295,8.4995,1.127
19.66825,10.417375,13.855
8.044125000000001,10.702125,16.869374999999998
19.091625,12.9125,3.028875
14.293125,5.46675,17.18575
12.002625,17.5835,8.642249999999999
9.37125,5.372125,2.043125
12.3895,-0.8556250000000001,16.367125
11.987874999999999,-1.82775,14.214375
17.199749999999998,22.6085,5.2638750000000005
8.754875,12.452875,-3.194375
0.875,10.666,-0.13999999999999999
3.1845,6.225249999999999,-8.451
1.0827499999999999,9.7915,-1.4015
7.759124999999999,-1.339,10.144375
7.041625,7.816375,15.989249999999998
3.6029999999999998,10.361,12.525
10.42625,8.31875,-3.737
-3.1442499999999995,6.429,6.644
9.73475,11.155000000000001,16.87725
19.289,12.41125,17.10725
4.788,3.44025,-6.911375
0.9956250000000001,17.409625,3.405125
1.803,0.15212499999999998,0.360375
3.891375,4.3001249999999995,-7.153
15.206,11.6125,3.1425
24.78275,13.6595,14.189
8.260625000000001,16.198125,11.83775
3.125,-1.1075,3.4612499999999997
8.191500000000001,0.6445,2.596875
13.672437500000001,2.161625,16.350250000000003
10.1555,6.83725,17.73525
9.496500000000001,0.20700000000000002,5.2435
15.559874999999998,14.239875,2.1918749999999996
21.68875,13.02325,14.5625
0.15675,6.898,-3.2083749999999998
15.8675,7.145,18.44225
12.29275,10.476374999999999,-1.62625
4.962,4.471500000000001,16.1595
20.53425,19.97625,5.989749999999999
10.95775,15.17075,19.4215
24.39125,11.6585,5.568
18.06825,14.234,17.92425
2.4665,5.55075,10.97775
17.05225,19.951749999999997,8.510750000000002
1.564625,6.28275,3.507625
20.981749999999998,20.6115,4.7745
18.40925,22.282249999999998,4.6259999999999994
-0.45587500000000003,18.030124999999998,0.7795
22.605,11.402000000000001,5.281750000000001
6.99025,-0.986125,11.32375
8.989,1.139,2.0225
13.693000000000001,15.750124999999999,18.895125
7.239000000000001,15.268,9.544
6.146875,5.604125,17.19
1.877,8.451625,9.6055
7.067,2.9407500000000004,-3.6557500000000003
7.521625,6.685625,-3.576375
23.246,13.134625,4.328125
0.73725,1.7498749999999998,7.7445
18.470374999999997,16.420749999999998,10.406625000000002
20.507749999999998,10.722,9.786
22.397125,15.129000000000001,5.291375
14.879999999999999,6.6465,8.80575
7.4777499999999995,10.741,-5.047
2.29625,9.765125000000001,11.212875
17.380375,16.338625,16.7955
15.16425,16.512749999999997,15.00825
17.94925,16.3655,15.609
11.286125000000002,-2.2116249999999997,15.344125000000002
5.583375,2.178375,15.24125
4.072,0.307,-4.0125
4.01625,12.738624999999999,12.81325
4.44525,13.942874999999999,12.262
13.92,14.435,20.475
8.657,5.49325,-1.3855
4.57325,5.486000000000001,15.228875
3.1639999999999997,-1.3940000000000001,-1.1709999999999998
-0.29375,12.00075,3.8392500000000003
-0.386625,1.4126249999999998,2.1630000000000003
11.78925,15.60175,1.3744999999999998
-0.13025,13.009625,-0.780625
6.597375,19.39575,1.707875
4.06625,5.745625,-7.780875
4.391,16.564625,-1.190375
11.131,5.325,17.00075
11.13525,13.915,19.374
15.56025,9.01125,12.4695
9.968,15.97825,0.96075
21.221249999999998,16.0415,8.905125000000002
12.8305,18.5405,5.51575
4.1485,18.209375,8.004375
16.238,10.171,4.357
11.553,2.3877499999999996,12.55175
19.430500000000002,22.206374999999998,5.9955
-0.597,5.707,5.391500000000001
8.938749999999999,9.16575,17.167250000000003
24.48725,11.65375,6.8865
11.825624999999999,15.8235,17.67675
10.910124999999999,14.071124999999999,-0.641125
7.806749999999999,8.64125,17.067999999999998
10.150375,11.392,-3.25875
4.2795000000000005,3.0425000000000004,15.249
17.33825,10.431000000000001,20.449749999999998
2.5515,13.704,-4.8845
8.83225,16.593249999999998,15.297
18.890749999999997,20.676000000000002,7.723750000000001
18.341375,9.967875,5.1015
8.71125,0.7935,5.93525
1.642875,2.375125,14.5965
14.184874999999998,4.044625,11.697625
20.39375,19.903,3.65125
20.7255,15.89225,4.18025
1.4385,5.35025,0.0034999999999999892
17.374125,6.928875,17.092624999999998
10.926,2.1542499999999998,9.17075
14.1665,6.43,6.5265
7.4185,16.079,6.76075
0.31999999999999995,3.8985000000000003,11.21875
0.353375,13.04375,3.5942499999999997
14.992999999999999,13.622,19.5505
10.062125,17.175874999999998,4.751250000000001
0.94275,3.13725,11.74475
15.14675,8.991499999999998,20.307000000000002
9.8765,13.0005,16.375999999999998
1.696875,7.803125,-6.043125
4.254125,8.409,12.418624999999999
18.841375,11.7668125,3.6340624999999998
13.778875,11.241625,0.06487500000000002
13.7135,18.021125,3.1550000000000002
23.027,17.622,6.435874999999999
8.130625,17.496125,3.206625
2.476125,-0.5847500000000001,-2.290375
5.359999999999999,1.25925,0.30674999999999997
9.81875,1.597375,2.471625
23.62575,11.718875,10.983375
7.7513749999999995,0.764125,-2.246
2.52725,7.283375,-8.46175
0.755625,5.7125,5.86825
4.727,14.0705,9.555
0.886875,10.00075,-2.6763749999999997
17.083999999999996,5.63325,16.784375
14.8719375,7.4311875,10.0263125
6.2204999999999995,5.50475,-5.21375
3.233875,16.46675,8.748125
15.182749999999999,13.255749999999999,2.57525
12.9695,9.095500000000001,17.287
15.26675,8.421,7.127750000000001
13.20575,12.162875000000001,-0.737625
13.301375,15.40525,20.1945
17.05225,5.965249999999999,15.399999999999999
18.65475,9.871625,18.896125
13.45575,3.9459999999999997,10.421
0.16625,5.527374999999999,-6.793375
-0.30274999999999996,14.2495,8.676874999999999
18.498,10.447125,19.96025
-1.19275,10.9985,3.9979999999999993
1.9895,3.6042500000000004,3.89675
3.4175000000000004,12.34175,-5.5085
4.16325,8.879999999999999,-7.392875
0.40049999999999997,13.866,2.83975
14.17175,8.5755,17.942625
15.472000000000001,5.395875,17.000750000000004
17.869999999999997,18.822375,8.788875
6.179875,-0.753875,-1.2525
3.510625,8.26,-7.996
5.69675,10.59475,14.58625
6.986,7.749625,-6.702125
15.804375,9.2645,10.981125
8.042,2.9777500000000003,16.29025
6.929,4.2165,-3.329
0.379,0.47462499999999996,1.4655
14.421624999999999,14.187125,2.241625
2.869625,17.049,3.886125
0.723625,7.125375,-6.665875
12.049,12.582625,21.01925
-1.2295,7.00425,6.731
17.57775,21.48275,4.1015
-0.125125,4.2311250000000005,10.2765
19.381,10.646374999999999,9.754875
3.274,-0.11174999999999999,15.354
5.59375,7.2924999999999995,14.1505
14.90325,12.53675,20.231875000000002
21.161125,14.793125,4.6903749999999995
14.255500000000001,8.8835,4.1129999999999995
7.97725,18.91425,1.193625
-1.44025,10.65,7.714125000000001
14.35925,3.049875,16.57775
19.476,15.889500000000002,3.6195
11.114500000000001,17.667875000000002,7.323125
5.649750000000001,18.923000000000002,2.4764999999999997
-0.27775,6.027875,-5.640375
4.428875,-0.302,15.039875
5.879125,8.76125,14.63675
8.590250000000001,15.130500000000001,-0.743
15.774999999999999,4.42675,13.2615
7.37325,-1.47425,13.08925
23.764249999999997,11.51875,13.83575
7.8721250000000005,18.467125,0.16275
11.889625,7.8685,16.5985
1.687,1.3217500000000002,8.3425
3.016,-0.43325,13.0165
6.562875,11.0815,-6.280375
23.464000000000002,14.907,6.27775
19.427374999999998,14.018625,16.959875
13.181125,18.066125,8.489125000000001
14.333,19.184874999999998,6.9026250000000005
2.4825,15.535125,-2.87275
12.821000000000002,6.140499999999999,4.818
11.434,18.080750000000002,5.87425
7.289,16.113500000000002,-3.3516250000000003
12.60925,19.097125,6.638624999999999
12.8505,10.534375,20.303874999999998
7.777,13.5115,14.80425
12.97425,17.21875,12.417375
9.1715,-0.44599999999999995,15.793
18.68175,9.901125,6.407500000000001
2.1957500000000003,13.527750000000001,-3.883
4.0895,7.000625,11.690375
11.915375000000001,8.37175,-3.13375
13.95675,18.278,5.29725
19.127000000000002,17.209249999999997,9.13725
5.0123750000000005,7.344125,-7.783124999999999
9.169,6.901375,-2.1630000000000003
9.818875,-2.190125,13.6035
23.6735,14.535875,9.056249999999999
9.0915,8.000625,-3.2181249999999997
-0.706125,13.715499999999999,0.18125000000000002
19.651500000000002,21.804,7.051875000000001
2.2657499999999997,-0.08175,-0.9027499999999999
-0.611375,5.46575,-3.54875
0.24525000000000002,18.44675,-0.15775000000000003
11.152249999999999,10.312375,-4.532875000000001
11.04025,12.058,18.567500000000003
6.2865,4.1213750000000005,16.999875000000003
0.6679375,10.979125,-1.4561250000000001
10.994125,5.122875,3.60725
10.3795,6.8004999999999995,2.6959999999999997
14.577000000000002,16.175624999999997,13.558625000000001
4.649,16.09125,7.3458749999999995
11.033750000000001,12.71425,20.06075
3.3850000000000002,19.02925,7.690625
14.7485,6.339124999999999,10.10875
4.3485,4.57325,14.858625
11.493625000000002,9.253375000000002,1.499625
5.43025,17.578375,-0.61825
16.645000000000003,6.16125,17.717374999999997
1.668,3.6424374999999998,2.83175
19.853875000000002,21.027250000000002,3.4764999999999997
1.3751250000000002,5.8938749999999995,8.779625
20.03275,10.57875,12.5775
7.324375,16.967999999999996,3.7251250000000002
19.657,10.572125,14.863875
14.403,18.656875,8.810500000000001
13.209875,9.69275,19.427
11.991624999999999,16.61525,13.22925
17.164749999999998,10.66425,4.1240000000000006
9.46275,12.065125,16.212875
1.369875,9.78975,10.04725
8.688500000000001,1.281,7.1107499999999995
7.5272499999999996,0.8923749999999999,-3.6807499999999997
23.005499999999998,15.398625,12.4155
14.637,2.864,13.575
0.8903749999999999,7.779624999999999,-2.76225
12.419625,17.266624999999998,9.783375
13.9815,12.5415,21.26675
4.0497499999999995,-0.16549999999999998,12.5505
10.09975,-0.6131249999999999,16.805125
5.432875,0.7248749999999999,4.2986249999999995
10.695999999999998,4.57625,2.467
7.22975,4.6745,17.656625
15.044875000000001,17.88125,3.858
-4.007125,6.1785,5.52975
6.388375,6.647812500000001,16.27925
-0.1915,13.088999999999999,5.6385
17.154125,16.11475,14.5265625
20.4595,12.601375,3.778
8.995,6.1895625,0.6288750000000001
8.985875,2.3885,1.671125
1.66509375,3.9024062500000003,-5.8780624999999995
5.38675,1.0713125000000001,2.5269375
17.212875,16.478125,10.939375
6.4181875,1.672,0.29325
-1.212875,8.923,7.273
0.379,12.1585,2.81775
19.067749999999997,14.36375,14.285250000000001
5.95775,0.72725,5.5954999999999995
14.217875,7.7835,5.9805
16.973750000000003,9.478,11.677999999999999
2.306,2.33675,-3.0447499999999996
0.282875,16.3605,5.554
12.4938125,0.151125,13.85175
16.957375,9.091687499999999,12.812
16.4836875,9.595749999999999,7.661
4.9476875,17.09725,6.41125
6.5959375,-0.2960625,13.619124999999999
7.03475,0.27425,-1.1495
6.34975,10.5085,15.485875
2.0415,17.66975,8.2839375
2.1651249999999997,3.764125,5.17625
21.549375,11.8794375,5.5689375000000005
1.312125,3.4959999999999996,-3.7650625
0.41975,7.304625,-4.896
8.3804375,-1.3824375,14.4305
-1.82525,12.350750000000001,5.66625
6.2165,14.874875,8.39225
0.9105,5.1986875,6.8865
10.850625,3.0765000000000002,10.57575
13.963,15.414562499999999,15.2445625
9.503250000000001,-1.6010624999999998,14.8738125
20.971562499999997,11.421624999999999,14.367125
0.68125,4.0914375,-4.8625625
0.064,13.8275,6.3535
19.832,19.79025,6.9311875
11.6661875,3.0235624999999997,9.8831875
17.7975,15.75875,12.68575
3.0106875,16.4751875,-1.8665625000000001
3.5618125,17.55725,4.599375
10.92025,13.233374999999999,-1.2253125
0.2525,17.345875,2.3655
9.974875,16.2293125,13.701625
7.05225,17.827125,3.0546249999999997
23.882375,15.19825,11.9365
8.887062499999999,16.1630625,13.4045
5.681687500000001,6.5431875,15.293812500000001
1.7734375,18.000093749999998,-0.30365625
23.321437500000002,14.332625,5.2563125
6.697875,3.517125,-2.4074999999999998
4.8195,17.82125,2.177125
12.19,3.557,11.532
6.292093749999999,-1.3285312500000002,8.00903125
2.6525,17.34140625,1.2414375
1.059,14.3885,4.529375
13.11125,4.5508750000000004,7.08075
12.595437500000001,9.805,2.418375
1.977125,9.766,-4.02325
5.76975,13.991999999999999,11.081625
2.9588125,13.2515,10.43125
14.839,16.700125,11.553375
21.819499999999998,14.417375,13.179625
6.771625,18.5186875,-0.233375
0.30975,15.487874999999999,7.074
22.8401875,16.15846875,5.491125
13.41375,15.651125,13.9255
10.997375,17.93475,3.973875
4.2642500000000005,14.159812500000001,10.7649375
2.7958125000000003,15.0570625,-4.17275
10.7591875,0.6354375,5.011875
11.06225,16.4305625,16.0445
-4.4323125,9.725437500000002,5.893
1.7570937500000001,1.9365937500000001,4.11328125
16.1649375,19.095875,5.1061250000000005
5.88875,2.665375,-5.446187500000001
23.18625,10.6573125,6.3339375
7.881125,11.458625000000001,16.21275
9.1135625,1.8950624999999999,9.3149375
18.50575,15.1681875,15.052875
16.289749999999998,17.482750000000003,11.027999999999999
12.153749999999999,9.7540625,-3.5301875
0.6660625,17.178375000000003,-1.1004375
3.3295,7.9586250000000005,10.70975
10.27125,17.1985,1.59775
17.615625,20.8985,8.025500000000001
10.52225,10.8945,17.965
-4.177312499999999,8.1231875,5.4407499999999995
8.91525,4.441375,17.027875
7.9541875,0.010656249999999978,15.3235625
5.158625000000001,12.38425,-5.679
5.4229375,-0.04831250000000001,-0.4429375
4.6385000000000005,-0.313,2.628
6.950125,0.9666250000000001,5.153875
-2.70525,11.620249999999999,5.255
-3.86275,7.7589999999999995,6.4727500000000004
-3.03575,10.913499999999999,6.583625
20.552875,11.425125,6.31075
24.032375000000002,14.607125,13.170875
2.2204375,-0.5804374999999999,4.2909375
2.16525,1.101875,15.346125
10.83234375,1.19503125,16.15421875
0.8612499999999998,9.765062499999999,2.676
24.767,12.3845,13.72075
1.397875,6.46325,7.5265
4.436249999999999,0.617,11.379999999999999
11.5755,14.856124999999999,0.6609999999999999
1.6865,4.641875000000001,6.1666875
8.584,1.3565,8.284749999999999
17.6459375,17.3625,9.93075
13.163562500000001,14.8430625,1.57775
8.521812500000001,-0.4359375,10.423000000000002
24.967624999999998,13.405625,6.379625000000001
17.698437499999997,19.961437500000002,3.3838125000000003
4.323,0.314,5.3135
6.175750000000001,12.4078125,13.2735
19.7945,10.67175,7.0445
17.128125,5.132375,14.523499999999999
2.14975,19.254625,5.689125
2.0248749999999998,12.499125,9.7823125
13.174875,15.249375,16.951
22.159062499999997,11.815562499999999,13.939375
0.4010625,6.4951875,6.6648125
20.75475,14.964375,12.9685
8.4944375,5.120312500000001,-0.30425
0.062875,15.4690625,-0.7970937499999999
25.5506875,12.8395625,10.76725
25.10125,13.96575,12.90875
2.384,2.0699375,10.05075
16.354625,15.694,3.2479999999999998
1.5935000000000001,6.22725,9.979875
1.00175,2.98475,13.209687500000001
6.227499999999999,1.9428125,-4.4498750000000005
24.6795,14.6624375,10.314875
6.102062500000001,16.628875,-1.6553125
16.303687500000002,21.2743125,5.5954375
14.327124999999999,11.23075,20.505499999999998
21.391624999999998,15.236374999999999,10.452625000000001
18.213,9.339937500000001,12.668812500000001
11.09675,8.1115,-1.23975
10.751874999999998,-1.3283749999999999,13.059625
13.2198125,0.7703125,15.2964375
17.184375,8.30125,17.931312499999997
1.4696875,1.10275,-0.2420625
4.882312499999999,16.2995625,-4.827875000000001
17.508375,10.108,8.09675
12.2911875,3.2385625,6.9016874999999995
14.304875,2.043375,14.7065
2.53475,11.93975,-4.776125
23.414875000000002,15.999625,7.17
18.154375,9.505375,10.0745
5.1105624999999995,13.776875,-5.4571250000000004
4.01175,16.6265,7.97775
6.1256875,15.6475625,7.1574375
2.1995,5.412,3.20075
6.337000000000001,8.253375,-7.4415625
1.52025,3.5146249999999997,-0.194375
21.412,18.912,5.939
6.5607500000000005,1.3606875,2.2541875
-2.1546250000000002,6.509,4.11825
15.0911875,15.460687499999999,2.8269375
-0.838375,16.7358125,0.1525625
10.932500000000001,3.1718124999999997,15.9745625
7.789124999999999,15.42675,10.661249999999999
14.620875,15.354499999999998,16.301375
18.14575,13.93125,2.2439999999999998
4.719,0.07,6.405
4.30875,0.945625,15.861374999999999
18.90065625,15.0734375,16.26246875
12.556125000000002,15.683625000000001,14.460125000000001
10.931125,14.4025,17.756875
18.876937499999997,15.13925,12.8496875
3.214,11.2685,12.02675
8.029062499999998,9.045,-4.421250000000001
5.681875,16.3155625,6.296250000000001
8.539625000000001,17.400624999999998,0.618125
12.79075,3.94475,8.19925
13.595375,12.289750000000002,1.174875
11.342812499999999,6.987,4.055625
6.8633125,14.033375,-4.2994375
3.7461875,14.819374999999999,-5.46003125
0.953,16.1545,-1.9467500000000002
6.0829375,0.9740000000000001,3.390125
2.84275,0.537,-3.1998750000000005
0.9473437500000002,1.58178125,3.60434375
15.73575,19.308187500000003,8.369125
17.385875,16.224375,3.4758125
9.408,17.33025,11.46975
24.372999999999998,13.0048125,8.9140625
16.907625,15.630625,17.589875
22.9814375,15.378250000000001,8.788125
2.6378125,17.011625000000002,2.5981875
2.3245,1.935,-1.145875
7.067375,13.6305,13.506499999999999
1.0860625000000002,18.261312500000003,6.7923124999999995
5.61675,4.813562500000001,-6.483874999999999
6.10325,0.0007500000000000007,12.16475
21.1128125,13.6715,13.8745
7.39725,1.65875,15.169125000000001
14.775375,6.31975,18.007
9.0265,1.8478750000000002,16.031499999999998
7.9597500000000005,15.612625,8.033375
14.6246875,4.5565625,16.4400625
15.215875,19.926250000000003,6.853375
16.3375,21.2204375,7.1065000000000005
6.871875,2.356625,-1.1875
7.4574375,15.2631875,15.7233125
9.1085,15.304124999999999,16.647
19.64025,15.697937499999998,10.923625000000001
5.943875,16.8535,4.2627500000000005
7.8046875,14.603375,-2.9125
11.1213125,9.2264375,0.25956250000000003
2.1455,3.6416250000000003,-4.745875
0.6568750000000001,15.207562499999998,3.16575
3.924125,5.3074375,12.818625
1.208125,10.88725,1.262
1.302,14.2090625,-1.6763750000000002
8.062875,-1.523875,11.913499999999999
6.256625,13.741875,12.346250000000001
16.0790625,18.392125,10.1864375
8.3448125,16.394375,4.483375
2.7052500000000004,8.469249999999999,-5.4072499999999994
5.5695,16.615625,-3.609
0.178,4.4384375,-3.0017500000000004
14.132,12.24775,2.5265000000000004
16.948406249999998,13.320374999999999,2.19496875
6.78825,9.46725,-6.1495
12.38675,2.0553125,16.032875
9.931249999999999,0.33999999999999997,4.1747499999999995
1.578,5.95225,-0.943
1.384125,8.506125,-4.036125
21.3085625,12.4403125,4.740875
18.500375000000002,14.990625,2.832125
0.5671875,8.182125,2.84325
4.4236875,17.580625,0.19462500000000002
19.82,11.6405625,15.789375
9.1255,3.399,1.864
7.5435,6.973624999999999,17.240499999999997
-1.2325,11.929375,7.448125
14.610625,7.5478125,18.101625
22.325375,17.913,4.8851249999999995
20.567625,17.628749999999997,2.70675
3.236875,-1.052625,2.302625
-0.174125,8.919625,7.461375
8.88375,7.80925,17.898000000000003
5.685625,3.6103125,15.76625
1.7037499999999999,7.19,-7.2955
10.5838125,1.7661875,11.955562500000001
-0.7626875,10.050999999999998,8.8249375
11.787125,1.830875,4.33675
9.1324375,16.072562499999997,6.711125
7.4428125000000005,2.1929375,-3.0106875
15.726500000000001,8.13725,19.06225
21.683812500000002,11.3243125,12.457562500000002
9.7639375,0.9398125,11.406875
2.861375,3.4984375,14.589812499999999
0.1285,3.0721249999999998,9.509250000000002
19.3495,14.1355,3.3587499999999997
11.97575,16.161875000000002,19.183875
4.09746875,11.211875,-5.81103125
7.882375000000001,15.2095,13.300375
11.405750000000001,3.7935625,4.1736875
1.6592500000000001,7.295,-1.32525
0.4320625,12.389125,9.1564375
14.927499999999998,18.787,9.97775
10.42425,8.390062499999999,17.618000000000002
13.14925,9.986125,0.418
12.8881875,14.04625,-0.1316875
8.387,0.733,4.4605
3.400125,16.19225,-4.4985
9.4705,16.092125,5.463
1.0550000000000002,18.2420625,1.4439375
15.843,15.263124999999999,17.7529375
13.146999999999998,3.6305,11.94375
4.15275,2.501875,-5.72625
12.686375000000002,3.506875,16.607
-0.38975000000000004,13.551749999999998,7.634500000000001
11.4485,9.5046875,17.568875
10.442124999999999,3.0164999999999997,2.247375
1.56425,4.592281249999999,11.6729375
2.8323437499999997,9.981874999999999,-5.03703125
6.668,1.219,-0.7310000000000001
3.21375,2.43640625,15.293624999999999
6.4232499999999995,0.018062499999999995,6.573812500000001
2.511,2.098,5.806
2.8665000000000003,2.415125,-4.230375
17.24634375,7.2244062499999995,15.45228125
18.8553125,10.962093750000001,17.351875
16.981,19.999499999999998,4.71
19.084031250000002,19.56703125,3.0569687500000002
9.643,9.509,-4.2829999999999995
23.5696875,11.707437500000001,8.091125000000002
-0.47009375,15.4469375,1.9335
1.74309375,16.1561875,8.586749999999999
13.91309375,5.663187499999999,8.89875
7.44509375,14.479781250000002,11.34234375
2.284,0.97875,12.550875000000001
16.2856875,8.05140625,13.3020625
16.2305625,10.007906250000001,20.40990625
4.836,-0.781875,-3.447875
11.952,8.404875,3.13875
16.358687500000002,9.2704375,9.5736875
16.62128125,17.89278125,3.9299375000000003
0.379125,4.6815,8.503625
4.671250000000001,-0.8855,8.137812499999999
19.88925,13.6900625,14.950375000000001
14.933375,3.4065624999999997,15.16975
11.285687500000002,11.1565625,-2.4381874999999997
13.281125,7.87384375,4.25896875
17.1150625,9.3043125,15.757687500000001
1.357375,6.317125000000001,2.410125
6.4713125,15.271046875,-4.664203125
1.357625,8.623625,8.135124999999999
2.42275,1.14,4.877750000000001
4.92090625,9.686,12.907
1.3243749999999999,3.655125,-2.4865000000000004
15.2845,8.3795,8.211
1.7883125,4.2210625,13.189499999999999
10.809000000000001,1.57615625,6.182875000000001
17.057437500000002,6.489437499999999,13.8308125
12.6831875,15.5093125,16.0643125
20.718312500000003,18.17621875,7.7844375
7.4948125,2.7521875,0.40940624999999997
5.6594375,6.2775625,-6.443375
15.82096875,4.62109375,15.07375
15.9444375,16.24134375,15.972249999999999
3.20875,8.64775,-6.306125
18.482625,10.7729375,15.92825
1.1516093749999998,4.274875,1.5050781249999998
1.6906875,-0.0664375,1.9292500000000001
0.5821875,11.897312500000002,-0.10849999999999996
4.553000000000001,0.38818749999999996,9.84453125
9.775875,7.1176875,-0.47125
18.92396875,12.025593749999999,19.2506875
16.25225,12.024000000000001,19.93875
0.2735,16.930125,6.601125
2.202078125,5.091359375,-7.49734375
13.8264375,17.4666875,11.36925
4.0334375,16.45759375,-2.9748125
-1.5995,9.676625,3.9837499999999997
9.9755625,2.013,8.66775
16.569,13.93825,18.387
